0.504345897,0.271588535,0.437191542,0.370484447,0.570261026,0.591242861,0.282070587,0.266593498,0.580721757,0.164239886,0.60762474,0.293150645,0.688946174,0.466898241,0.618585743,0.549791877,0.358428587,0.459511414,0.457394263,0.43065914,0.249506072,0.535908902,0.195665723,0.705248881,0.42331572,0.599347618,0.573484369,0.34492611,0.541273383,0.547959119
0.518812607,0.606492698,0.776291437,0.463695187,0.580186135,0.516289687,0.217082204,0.207854675,0.233836084,0.284377943,0.569901944,0.604156178,0.85854369,0.682828266,0.615834851,0.585369769,0.693539166,0.908856297,0.606249854,0.283604694,0.366933488,0.698207051,0.467617885,0.4933036,0.418963027,0.260104209,0.303197473,0.404551455,0.610835554,0.508173242
0.603135275,0.449061981,0.473487347,0.410692756,0.500101441,0.425823424,0.383438611,0.4650522,0.465946257,0.363922944,0.423082376,0.409338459,0.567669294,0.459388395,0.53216001,0.431188088,0.511431822,0.418183513,0.346946526,0.380336551,0.378471819,0.455661888,0.432224571,0.400335979,0.389418281,0.538570839,0.551539744,0.446759313,0.489870933,0.500067862
0.494841285,0.502629179,0.696089332,0.32881307,0.594053696,0.280195644,0.199431967,0.510305429,0.105409973,0.362422552,0.509904342,0.622219911,0.74278578,0.267579979,0.690665809,0.446964036,0.450620849,0.487124703,1,0.174337201,0.333529932,0.53726381,0.458100061,0.213765958,0.305834865,0.622801005,0.137050358,0.539236814,0.546180041,0.31570262
0.617044195,0.480506883,0.564985697,0.375487406,0.480425746,0.409875899,0.454065169,0.443215006,0.454223333,0.331586559,0.33817636,0.24335803,0.464245125,0.454177124,0.527022896,0.418907761,0.474299691,0.485687427,0.427070621,0.451345414,0.485308007,0.390447685,0.371880838,0.363913518,0.296290433,0.383911404,0.554782399,0.336205768,0.526339473,0.446999901
0.004372407,0.29704066,0.226764235,0.462843826,0.51297069,0.545860597,0.189896919,0.515602394,0.059402819,0.374105742,0.520148948,0.44050353,0.367871108,0.599398556,0.42296131,0.571487426,0.514141052,0.500660371,0.233841172,0.325392257,0.327220578,0.292491278,0.380000946,0.28384825,0.463727827,0.61082486,0.455034858,0.238709634,0.660923381,0.388434351
0.049513442,0.416772334,0.616052107,0.524571573,0.505046982,0.466321573,0.189525444,0.520714202,0.461674181,0.300998851,0.675668685,0.430677375,0.41143151,0.595544011,0.459274299,0.429965539,0.620833471,0.7556141,0.262150065,0.44238998,0.375822929,0.359388093,0.36393935,0.495227912,0.328224533,0.531856166,0.332755488,0.511281169,0.760569295,0.540043083
0.44572447,0.38931685,0.639939828,0.209553502,0.548756803,0.502148955,0.206927969,0.299674821,0.357942383,0.121001954,0.535506869,0.058373797,0.578695772,0.565180367,0.378503998,0.453039402,0.584186692,0.456213559,0.643426376,0.416710077,0.434245305,0.62472983,0.288714285,0.641997869,0.575763141,0.549899546,0.422721031,0.323645974,0.479126236,0.502968011
0.758417884,0.481645521,0.092796817,0.551126562,0.221011725,0,0.549888399,0.806446872,0.675345161,0.923462387,0.617846832,0.269485489,0.571001685,0.181057424,0.550369682,0.489666644,0.156364659,0.964297062,0.330385456,0.256266653,0.705799984,0.454132244,0.386133931,0.631588953,0.715354919,0.749751497,0.357662109,0.614211434,1,0.470795692
0.442083421,0.73900861,0.747669064,0.247889306,0.550145579,0.569703026,0.166824868,0.305549664,0,0.557454666,0.215198312,0.175796336,0.102855533,0.497863047,0.275564156,0.513159108,0.310819638,0.53289772,0.058024787,0.679732211,0.190115254,0.298270939,0,0.556733965,0.742657334,0.532256587,0.592442555,0.862423769,0.333355362,0.551080885
0.864705934,0.580663567,0.380163718,0.524866331,0.726727661,0.21754435,0.699500491,0.030506193,0.425271619,0.170202356,0.678482285,0.430800611,0.309032465,0.487108881,0.663157849,0.568002155,0.539450059,0.904188432,0.332300774,0.051701843,0.21353778,0.434269664,0.341274313,0.67336359,0.552012299,0.399604936,0.388990881,0.622786393,0.274051417,0.618091038
0.634845254,0.540844008,0.340847882,0.603515081,0.678082098,0.142822288,0.597918416,0.31425043,0.605584224,0.882656967,0.766308074,0.728330138,0.413883743,0.695180038,0.860129847,0.391747918,0.695123167,0.204703183,0.044875436,0.591961904,0.322981659,0.29419062,0.40428058,0.515364048,0.396690703,0.250122591,0.422958149,0.431779845,0.602126677,0
0.001807815,0,0.35295309,0.517127087,0.622024243,0.460568276,0.463886935,0.337871825,0.468015642,0.337008001,0.424591167,0.333038576,0.588737986,0.288560089,0.569760398,0.498765989,0.507815818,0.618511015,0.448488189,0.42022014,0.322287592,0.412294189,0.353076802,0.413575061,0.386991613,0.532974903,0.429553349,0.421802342,0.316184066,0.350717021
0.660613104,0.317716178,0.621643363,0.478762538,0.506139045,0.429783422,0.158607015,0.720121722,1,0,0.29038543,0.859986754,0.432597412,0.608158127,0.467740213,0.444530965,0.535307207,0.217285212,0.533710849,0.307829259,0.547925275,0.472636548,0.391207081,0.178756832,0.60167927,0.7402393,1,0.757537475,0.540642466,0.149545283
0.425930792,0.216928067,0.867636241,0.243626781,0.517677642,0.239291987,0.198594187,0.285908715,0.403470081,1,0.800745569,0.762022123,0.780602029,0.258901386,0.432419887,0.794499913,0.6755035,0.167514711,0.489913179,0.082082002,0.605823721,0.097504263,0.272483355,0.304551844,0.565087862,0.241982765,0.244513429,0.116581229,0.480950986,0.602889012
0.01560907,0.465903151,0.820064001,0.169248556,0.476790149,0.408115044,0.307336725,0.182100527,0.344559236,0.218973862,0.508451535,0.464994844,0.409552847,0.496417387,0.605354502,0.452305832,0.486411902,0.501867184,0.401419305,0.585426911,0.047157478,0.720161248,0.40770661,0.077564141,0.355798707,0.529100783,0.410067602,0.561950309,0.454238956,0.587436651
0.230498091,0.38925713,0.26807177,0.450253225,0.543722486,0.602890349,0.36136025,0.40909785,0.226992692,0.330341443,0.480137554,0.443502082,0.306980819,0.536701854,0.340808357,0.515515581,0.511105775,0.408720441,0.22885713,0.336144485,0.341998182,0.52202303,0.720673703,0.413817522,0.335432225,0.541654099,0,0.525393522,0.225332421,0.347598968
0.056522639,0.520734354,0.780608645,0.199372223,0.430413526,0.354261631,0.442977373,0.224477375,0.446718612,0.583105267,0.283154749,0.356142165,0.490810579,0.441731163,0.538360478,0.483429959,0.493270927,0.724211435,0.44847064,0.28340067,0.682525999,0.504179481,0.364605587,0.534596646,0.305283205,0.323760642,0.526898356,0.55593023,0.328872622,0.617193907
0.598540159,0.715623628,0.430277955,0.529942963,0.687681952,0.464068385,0.408941243,0.394516711,0.073169784,0.05662415,0.359071983,0.223632498,0.071355321,0,0.869829258,0.302002331,0.253698404,0.508092259,0.792578699,0.371822218,0.749948003,0.312342666,0.302769057,0.738870571,0.144487137,0.37938354,0.453346703,0.469806181,0.568093631,0.486074309
0.17300476,0.591751366,0.50143249,0.456370678,0.406932542,0.434532904,0.547376435,0.391182016,0.543306984,0.285358651,0.423403969,0.347568317,0.393455573,0.49186917,0.440346358,0.453542378,0.629602023,0.569148921,0.482257676,0.404691873,0.338215054,0.440529421,0.373520353,0.301491144,0.555373096,0.426494775,0.48768754,0.342789702,0.483331349,0.699430876
0.610403945,0.267234895,0.488035785,0.50307133,0.007955164,0.110017739,0.181208615,0.604363628,0.419163135,0.112937228,1,0.365850456,0.0608894,0.651851984,0.582257516,0.382958484,0.513242564,0.519244393,0.463084325,0.628362303,0.308129741,0.431110658,0.247837856,0.480779538,0.239962632,0.000746904,0.42212046,0.565066026,0.596914715,0.300770479
0.132381052,0.35597991,0.44951078,0.255730294,0.356130207,0.471783535,0.090987545,0.816182467,0.330267551,0.439253225,0.858428973,0.443910763,0.557742809,0.475145039,0.417295718,0.505924794,0.732887536,0.596784862,0.473347939,0.742084169,0.633524373,0.881862521,0.840861872,0.498860236,0.568414946,0.279214119,0.50142374,0.342844463,0.346827488,0.493039345
0.669320376,0.370179168,0.299693841,0.607035295,0.393917124,0.419442271,0.14815334,0.364654196,0.726711529,0.481315955,0.570159416,0.38902005,0.353716476,0.740118523,0.878203051,0.132345487,0.43394028,0.064163402,0.271249625,0.239890707,0.297131226,0.64296175,0.213609385,0.747624616,0.499557016,0.977169692,0.507031115,0.68239743,0.286371224,0.709602843
0.513272346,0.353647027,0.624935738,0.436587947,0.651883983,0.783673303,0.591848208,0.632766917,0.559668817,0.374025457,0.472701883,0.380302736,0.313154016,0.618186201,0.586332752,0.520589594,0.769513993,0.680128226,0.400550545,0.45794462,0.225806897,0.308645872,0.510221962,0.495443231,0.523768969,0.567860982,0.351192346,0.527168776,0.633874198,0.59586461
0.625538883,0.462487265,0.405595785,0.39316687,0.495966829,0.238534324,0.496719692,0.18008561,0.57421058,0.279955531,0.696094428,0,0.331210781,0.619520471,0.277478987,0.409997227,0.503866209,0.559939929,0.49221079,0.371536169,0.546640801,0.293734531,0.549593767,0.615775349,0.591901411,0.290381387,0.557178488,0.253345658,0.382929305,0.399251833
0.464714943,0.462729494,0.309225488,0.716311582,0.634180147,0.452733814,0.443966357,0.116162181,0.459084663,0.136484453,0.576551396,1,0.524785336,0.282563984,0.135742077,0.206866168,0.470324066,0.672138276,0.393464795,0.525995201,0.20640497,0.259120516,0.418542361,0.53874017,0.823277738,0.527044655,0.986331445,0.529427468,0.252847045,0.30345188
0.593899564,0.398732717,0.662897476,0,0,0.120610327,0.833658477,0.574611053,0.390618363,0.279437026,0.578014575,0.445489242,0.13227444,0.211453808,0.272459289,0.678782002,0.363364021,0.594110619,0.405526206,0.494361817,0.382260539,0.241091556,0.259214786,0.312187523,0.385194116,0.647193937,0.251554241,0.580319859,0.365830649,0.510258237
1,0.328523591,0.616809311,0.293293137,0.471242876,0.644632853,0.468541432,0.475009066,0.78609513,0.679216808,0.406180712,0.234524152,0.372859506,0.529682956,0.341661388,0.601546634,0.127019748,0.627557362,0.873757222,0.361089867,0.326018396,0.428607739,0.664987798,0.191785221,0.36948938,0.602455861,0.528631433,0.652842171,0.396549686,0.376694939
0.581027226,0.474427426,0.462887227,0.886006122,0.949331215,0.456273165,0.180224969,0.734608705,0.733502623,0.42101736,0.546684602,0.164893746,0.307162359,0.232973702,0.099831364,0.465759168,0.769577966,0.113604618,0.125554927,0.489294556,1,0.476642394,0.236798789,0.41312524,0.007108153,0.338129098,0.208636065,0.599168686,0.158160705,0.627342523
0.718838895,0.558924745,0.584418838,0.191754163,0.405550258,0.415076111,0.482201704,0.599030881,0.433852501,0.337181017,0.820582735,0.394491627,0.567716064,0.50415762,0.352912891,0.132823629,0.176166759,0.599031593,0.485869708,0.538398829,0.353447445,0.712538813,1,0.394985001,0.576521716,0.554155287,0.305035344,0.419841616,0.730409576,0.407104144
0.522991135,0.347620585,0.522455186,0.293119988,0.447784362,0.393440334,0.505590904,0.387111306,0.420987867,0.457543088,0.603083323,0.347017895,0.251031507,0.337465784,0.318549279,0.215750745,0.269964135,0.343137376,0.457660408,0.356554483,0.342370318,0.35161921,0.51296024,0.373457489,0.330071918,0.708694583,0.308053036,0,0.404643708,0.76668868
0.513898061,0.504481498,0.354366201,0.910249202,0.409549922,0.514670542,0.637770236,0.76974233,0.336573215,0.363517624,0.493744182,0.231841515,0.376026477,0.524897882,0.683918506,0.535688086,0.393332279,0.590108803,0.549049237,0.565590715,0.545249731,0.665301936,0.230795564,0.304525526,0.70715675,0.604354795,0.396956555,0.224870629,0.520606903,0.27080395
0.092530913,0.522472698,0.488760526,0.51396871,0.45056055,0.423793739,0.33198756,0.394496357,0.360737385,0.421248544,0.583945041,0.489890149,0.493820333,0.615216293,0.580141313,0.30853737,0.582532447,0.526492023,0.553347362,0.393110686,0.391391441,0.352186745,0.379240617,0.212179242,0.298363927,0.511564133,0.492156943,0.510500116,0.464026254,0.807371513
0.038115751,0.44248911,0.280072709,0.34892844,0.528577294,0.50832541,0.698504952,0.219984148,0.275121654,0.445134075,0.725001839,0.626646882,0.120381405,0.35918822,0.399570789,0.227470873,0.517427916,0.230662385,0.069372348,0.142203065,0.643748815,0.754115031,0.125534604,0.252569227,0.446149864,0.411335375,0.472335937,0.001794053,0.663427729,0.286311288
0.059406132,0.662008467,0.101344478,0.445333688,0.466178804,0.525580068,0.340227885,0.55405777,0.024305729,0.503134562,0.66757303,0.447561289,0.630261145,0.308792316,0.286989082,0.307726056,0.391539901,0.389101374,0.356000757,0.310983819,0.352527797,0.276517665,0.650632187,0.47914304,0.520201681,0.552553327,0.88591028,0.225209422,0.024325514,0.395166644
0.42837821,0.195781508,0.593006907,0.370814867,0.656550515,0.646139111,0.292404441,0.009250527,0.495623674,0.312800579,0.626752653,0.47149203,0.137841207,0.721726779,0.223523013,0.09032485,0.567258519,1,0.613724203,0.277995135,0.99845281,0.139530784,0.504007635,0.371651191,0.162559354,1,0.641325464,0.124940364,0.77148235,0.661475776
0.530822873,0.558319162,0.53545562,0.464005215,0.561657356,0.494973778,0.537011027,0.517151816,0.4311078,0.349340322,0.424340209,0.413419176,0.480119615,0.272950294,0.304209683,0.45530514,0.430812297,0.550411297,0.3737944,0.365861927,0.442529992,0.350930876,0.691013442,0.51132913,0.406814156,0.494870046,0.612894124,0.616236019,0.453414767,0.37462144
0.187938284,0.380530526,0.289545071,0.434417823,0.411515203,0.602417733,1,0.468437877,0.337515157,0.484960276,0.931968416,0.564488904,0.320132447,0.188915415,0.664367707,0.276911334,0.662271622,0.077731525,0.525708854,0.463845984,0.521420849,0.6864886,0.274561628,0.52217114,0.375061483,0.517614186,0.359397272,0.626797421,0.352672209,0.562276935
0.536880516,0.823954777,0,0.819249345,0.581804728,0.642543981,0.398473927,0.473812793,0.744494004,0.335154096,0.421827814,0.86852958,0.286370818,0.529417228,0.544640099,0.561539463,0.266732095,0.776996703,0.713257062,0.449882825,0.642399823,0.525776981,0.387819761,0.391607758,0.54166903,0.506544467,0.027779956,0.761381486,0.35016911,0.56828301
0.495009662,0.748710247,0.280589725,0.949480371,0.688500521,0.378875255,0.367149901,0.320065643,0.136023415,0.346618933,0.090687309,0.625585903,0.380459017,0.402168089,0.523937551,0.678155368,0.268570399,0.410339747,0.405181918,0.298351158,0.336850795,0.713188279,0.671869796,0.351502336,0.495411245,0,0.462988962,0.578323478,0.563734497,0.663470555
0.047648373,0.506270893,0.729501686,0.521743981,0.46320409,0.560905648,0,0.547483487,0.442906335,0.505040433,0.84672226,0.600336345,0,0.229105325,0.786447206,0.487934489,0.387473998,0.51278783,0,0.41202073,0.395666339,0.529577808,0.924865409,0.412542774,0.34244693,0.671363833,0.749708193,0.324089128,0.672813011,0.371591036
0.498379616,0.599699618,0.463080001,0.429375477,0.403816049,0.565292471,0.311567103,0.325992986,0.520589869,0.473982076,0.422386913,0.411877337,0.494099261,0.453365574,0.465570804,0.519963665,0.532868657,0.309238151,0.374246,0.347664924,0.41407528,0.327966021,0.451827655,0.52561001,0.532314596,0.420498248,0.383097018,0.466555484,0.518914592,0.580753944
0.297509869,0.535375652,0.551788409,0.553517382,0.451210134,0.380192845,0.287179569,0.477182926,0.72194712,0.509392638,0.389611002,0.346295236,0.462850286,0.389821829,0.544753223,0.537221176,0.481585193,0.608747952,0.401362951,0.303281138,0.45425774,0.352286888,0.644164884,0.398978199,0.42874949,0.41947556,0.435916214,0.220501028,0.516673861,0.378520255
0.223800623,0.53696913,0.673628009,0.528588458,0.33821742,0.385252382,0.515819677,0.366696609,0.665522344,0.48411698,0.248870583,0.38984708,0.55560356,0.435103267,0.3532231,0.426005301,0.380142909,0.503946456,0.539428585,0.384614321,0.410179505,0.407969917,0.294223909,0.291257455,0.478546259,0.641176462,0.441919389,0.25647914,0.394911792,0.543599383
0.668210806,0.491768203,0.421853498,0.437153026,0.314667931,0.531406315,0.252016859,0.407485888,0.469045741,0.417656614,0.444221286,0.480043028,0.424562072,0.360991836,0.447368164,0.380969533,0.532330914,0.579035374,0.446729457,0.316527795,0.315377037,0.205079001,0.522037948,0.338361865,0.434369386,0.428262198,0.64450515,0.445069686,0.412350531,0.523187562
0.432524929,0.415932048,0.292398853,0.385000499,0.700168227,0.745312793,0.45065653,0.601307703,0.24990719,0.3797132,0.566325047,0.413134125,0.478374506,0.559666238,0.422602238,0.544111329,0.593284357,0.470518955,0.296191975,0.362243165,0.363899206,0.39009596,0.481214763,0.4241371,0.575775774,0.545725889,0.383644046,0.351235781,0.592475344,0.368607973
0.476631121,0.45607664,0.587827345,0.277706552,0.37288338,0.348451615,0.563528931,0.565169837,0.423483761,0.451313989,0.547394423,0.52896529,0.507584214,0.406410928,0.580718904,0.455799274,0.604828549,0.416529877,0.527871346,0.332941604,0.54372539,0.407100689,0.516161072,0.560119536,0.214024062,0.72335226,0.270341467,0.394868317,0.152123738,0.627748978
0.684506466,0.774379243,0.308971428,0.340752512,0.30582481,0.544440703,0.359224677,0.391909943,0.541477213,0.524112961,0.645654022,0.463058909,0.679469483,0.314685316,0.48966765,0.349991982,0.348098685,0.36858225,0.277502063,0.37890693,0.300866804,0.481391225,0.439251236,0.360200826,0.525969812,0.685365957,0.461404123,0.502881887,0.451599041,0.582533505
0.551280194,0.098952681,0.482545456,0.288978038,0.201703346,0.484558965,0.358120268,0.687147009,0.511598168,0.237999893,0.253389836,0.632595589,0.642600698,0.609116304,0.686651571,0.229011591,0.312808409,0.225384095,0.743338572,0.246594815,0.735414326,0.333325217,0.441977241,0.402617741,0.363738784,0.302047198,0.53858271,0.145292809,0.380927608,0.371276357
0.438099324,0.145174369,0.460714865,0.360378978,0.334057111,0.672045863,0.311853629,0.275801167,0.381111533,0.404776745,0.124791426,0.305534011,0.645161918,0.764549262,0.807733488,0.378848809,0.21839521,0.413823261,0.168660143,0.494420273,0.32278769,0.494045476,0.350892954,0.339098436,0.301896438,0.301002303,0.325880433,0.489767945,0.785641022,0.312826164
0.596365165,0.397064659,0.464322947,0.42982051,0.544884284,0.358561318,0.463506851,0.430591157,0.42549841,0.546353068,0.549930956,0.40802229,0.276436993,0.487746396,0.485929393,0.480458837,0.458653815,0.525743097,0.463560815,0.27289968,0.445313684,0.429760377,0.364847225,0.457300476,0.398040545,0.477973298,0.458390401,0.462841011,0.411370801,0.440680519
0.440419393,0.329478914,0.448018397,0.388830099,0.565360388,0.515309361,0.250836658,0.517548401,0.457556672,0.573953809,0.58176529,0.436884086,0.684013042,0.563108902,0.575562112,0.460913606,0.286001337,0.734714119,0.46230074,0.451772829,0.359462025,0.431944814,0.494289329,0.437022782,0.441248642,0.320426907,0.338226889,0.315813406,0.342031916,0.817760116
0.533592289,0.411001092,0.499245841,0.51070269,0.581166339,0.445460915,0.342937312,0.559880491,0.574804822,0.419409448,0.69236333,0.391115993,0.502203418,0.569319975,0.34118955,0.300905251,0.574182344,0.618657323,0.306042013,0.502576994,0.323242001,0.48814492,0.515111914,0.37758761,0.398478038,0.537912414,0.226321888,0.295537219,0.39034667,0.628339962
0.5466517,0.307578327,0.452447294,0.614056787,0.525816514,0.522659982,0.362997442,0.505675978,0.55103525,0.571439855,0.699863092,0.397262345,0.345817645,0.723202665,0.547782137,0.362775148,0.438821996,0.548697572,0.230180666,0.549353902,0.237610377,0.419045607,0.353972696,0.38935349,0.195495342,0.478896686,0.331919642,0.321887494,0.468803893,0.363407873
0.427512399,0.274183737,0.558723566,0.386260674,0.443753501,0.593962505,0.321541308,0.588466284,0.627125968,0.543915119,0.648091497,0.387243778,0.460244385,0.583528341,0.36170418,0.516671109,0.308618156,0.430406419,0.440743624,0.38194865,0.149779492,0.080403614,0.242267309,0.47497108,0.551269954,0.542405603,0.435557094,0.530794851,0.512318775,0.501102493
0.423402878,0.453771341,0.508199351,0.368510809,0.510993294,0.573975206,0.244690197,0.57471662,0.423345218,0.478081616,0.772273247,0.411927472,0.716730518,0.623364552,0.46605745,0.365777236,0.265494287,0.644307833,0.411820528,0.442941874,0.390169521,0.434325871,0.344823142,0.371267773,0.443450281,0.497896764,0.049658937,0.215540811,0.326888206,0.652007729
0.644120848,0.475501109,0.560495835,0.479937922,0.458368152,0.517253511,0.506701659,0.441727484,0.470259489,0.44250856,0.454742318,0.334153447,0.550541837,0.440088737,0.599317393,0.472295585,0.476806266,0.498859858,0.326163498,0.357113801,0.281523697,0.329648459,0.805720241,0.425347403,0.230032329,0.843114493,0.66910145,0.848409531,0.470352697,0.583377655
0.250887803,0.412418122,0.448700117,0.506806759,0.444723719,0.473235624,0.3915492,0.309738711,0.549137748,0.405757856,0.485416879,0.339695382,0.475966319,0.454830409,0.397414922,0.489745177,0.402374608,0.445385193,0.27388504,0.345259855,0.420647532,0.456669106,0.41547398,0.355108356,0.410314993,0.538971934,0.566363582,0.466495373,0.454667837,0.629195677
0.569829265,0.484523165,0.45161395,0.301416315,0.671632887,0.674532899,0.554240267,0.475405929,0.276658042,0.49028122,0.664250937,0.404303509,0.7067155,0.463372796,0.407820978,0.372268146,0.620465909,0.426018295,0.264085513,0.517929379,0.431135457,0.539906672,0.581495278,0.479789471,0.497729695,0.807817639,0.268004589,0.418949483,0.182877515,0.53908957
0.399295729,0.451229697,0.393900428,0.395878554,0.531259988,0.451485272,0.365626113,0.380736381,0.311286852,0.382469279,0.501290047,0.372183625,0.548019641,0.493893162,0.389686463,0.477982813,0.515557306,0.469401569,0.288683841,0.330677048,0.471502493,0.458686037,0.448287696,0.371072761,0.332131368,0.463407844,0.586033678,0.38283221,0.482472045,0.514674851
0.559424411,0.442791077,0.445424768,0.426531479,0.438455968,0.465991405,0.645122893,0.451956895,0.382451725,0.539582653,0.482943508,0.246483755,0.58634454,0.356616466,0.674523561,0.541344317,0.457940493,0.547032996,0.190805646,0.452477751,0.204791301,0.555208564,0.30417033,0.072848586,0.116824888,0.752150744,0.639630436,0.412386517,0.509862536,0.282117705
0.566172977,0.464383776,0.466106666,0.526078048,0.668086061,0.555196306,0.591664459,0.157799527,0.351858289,0.662783264,0.476655238,0.154513088,0.379519352,0.491221783,0.649697236,0.512958392,0.539934276,0,0.581809646,0.427972643,0.01067944,0.298919049,0.491974873,0.110139818,0.407244483,0.445359796,0.432358546,0.429025363,0.81856884,0.389433583
0.165249869,0.50690626,0.734268903,0.563416772,0.440539539,0.367160938,0.53320524,0.375513038,0.85652723,0.557567659,0.450646261,0.339934194,0.459742589,0.406396612,0.565129215,0.339451853,0.42692473,0.440788507,0.57106367,0.540983203,0.356658839,0.405929683,0.509799862,0.492353722,0.276098414,0.459071605,0.450973827,0.622813215,0.36195756,0.535440117
0.530922227,0.381436825,0.6328712,0.306781646,0.5603233,0.503589942,0.579232244,0.310325027,0.733755592,0.610189775,0.579653764,0.424432569,0.345717056,0.541694357,0.507961659,0.257374841,0.754297567,0.57797511,0.617892654,0.331762063,0.330752456,0.475744908,0.552706941,0.407295393,0.374297924,0.502143371,0.256123053,0.497913201,0.275322932,0.370634224
0.258042687,0.40431542,0.417695432,0.479527069,0.498086754,0.244707266,0.341550579,0.397978495,0.624662762,0.532725096,0.432094752,0.474858672,0.521995232,0.444095825,0.279049168,0.314151908,0.47652946,0.338753829,0.497955962,0.352824,0.258027076,0.457698798,0.546734708,0.452053457,0.344628031,0.311752444,0.568733778,0.574644153,0.452499929,0.434750243
0.277697515,0.42287721,0.245652206,0.748399851,0.683652367,0.38959346,0.482045074,0.375666599,0.733956324,0.738985346,0.342411958,0.254627652,0.651563685,0.554268301,0.373655565,0.281561631,0.508929747,0.678707237,0.463853481,0.20633038,0.249500616,0.708984078,0.508873868,0.676431741,0.164821106,0.255256373,0.446658608,0.425117021,0.466093124,0.515283484
0.326001623,0.405189783,0.16482865,0.614661291,0.587662023,0.304095713,0.262623007,0.547235591,0.642450524,0.553856994,0.428510491,0.366381444,0.355726265,0.643584874,0.211685956,0.351670289,0.558330319,0.65002245,0.425492791,0.229403324,0.234952569,0.471142356,0.538589515,0.580894142,0.367073816,0.065031425,0.615323051,0.36254245,0.485784293,0.560266849
0.862490004,0.307019228,0.514857936,0.566567215,0.488714379,0.225188901,0.248544301,0.32246864,0.439044463,0.418241117,0.715945523,0.332401595,0.710265692,0.52222999,0.141816719,0.069867818,0.326771828,0.258803636,0.308022773,0.517687023,0.510246119,0.395265853,0.296852806,0.209913552,0.165344752,0.4166371,0.723230022,0.51360909,0.210788368,0.324182334
0.623823095,0.448070579,0.47757605,0.412799785,0.508039901,0.40905131,0.430287066,0.487114225,0.475531682,0.410040889,0.424799116,0.387207877,0.548140562,0.451658392,0.524584399,0.415553559,0.602221907,0.385083761,0.363205786,0.434296019,0.39967044,0.420231519,0.520770991,0.382137586,0.286370577,0.567639559,0.587339214,0.469532252,0.379711551,0.513260572
0.658140563,0.463835842,0.505653967,0.351849123,0.868184436,0.964695243,0.556148102,0.612900366,0.451011228,0.410518107,0.563197867,0.42891044,0.484710848,0.534562094,0.355824895,0.556331842,0.615444419,0.546534808,0.359669238,0.434999684,0.426214505,0.35397204,0.525353851,0.513457538,0.489229125,0.5514352,0.269804885,0.465183793,0.591442748,0.333895513
0.142847393,0.27185879,0.43446086,0.56253174,0.621062249,0.529510147,0.410864708,0.423026592,0.372333435,0.47396583,0.361505313,0.338897257,0.443465261,0.352809075,0.239352265,0.398938946,0.497539425,0.475524039,0.340523462,0.273913033,0.372842437,0.388813749,0.419127222,0.535595485,0.428382211,0.409629137,0.20849236,0.289246455,0.506607898,0.512293524
0.266948687,0.371189054,0.479903673,0.473886418,0.459812122,0.46993441,0.395186397,0.402066469,0.526181059,0.434977966,0.467588525,0.389957087,0.4947023,0.419297077,0.45240222,0.488425585,0.503862008,0.462811633,0.360668487,0.383863387,0.401582828,0.432227671,0.453985596,0.397649434,0.354974314,0.473901687,0.4976744,0.458405712,0.48306185,0.484428763
0.593531141,0.418015594,0.449779916,0.410140607,0.490283291,0.430199676,0.344504697,0.509203903,0.60502676,0.306814118,0.467661657,0.399203806,0.410561105,0.495847329,0.522896848,0.359592926,0.484526431,0.284300154,0.448324712,0.499428075,0.48656914,0.316441324,0.446407679,0.328641026,0.295308522,0.61442922,0.468090177,0.305160889,0.260199459,0.547457867
0.097801236,0.631052624,0.740442028,0.582789015,0.414589004,0.402223131,0.477665248,0.375857573,0.627377808,0.447880996,0.250671137,0.474142861,0.41729439,0.464687139,0.411833336,0.32994345,0.445899615,0.561726499,0.442127625,0.492229782,0.363366305,0.434507163,0.345230997,0.364419562,0.340988486,0.699980235,0.267784138,0.390875597,0.371456125,0.336879512
0.629205955,0.495412156,0.373857648,0.446967096,0.438210983,0.403636484,0.361428172,0.332210307,0.50474577,0.521861389,0.405425172,0.341383572,0.364276887,0.437619784,0.443086011,0.526027025,0.465532459,0.307436287,0.488408635,0.501914239,0.370394665,0.309300015,0.474429591,0.335678236,0.441018628,0.563352099,0.50493293,0.430549351,0.442715382,0.652011353
0.589825525,0.457308316,0.481940525,0.411120654,0.481786663,0.423118493,0.39980322,0.438460735,0.448506614,0.405261244,0.419260158,0.388584114,0.517598545,0.422787931,0.481355448,0.439423586,0.544916799,0.411083145,0.36612649,0.367571487,0.408457581,0.457252638,0.475744325,0.399903071,0.34326188,0.469891764,0.519243006,0.459732995,0.523965276,0.491093107
0.6127872,0.458165648,0.495318926,0.416661283,0.477020612,0.427924971,0.406481396,0.446950763,0.451819522,0.39316408,0.416926771,0.388370432,0.53861602,0.424429489,0.512735197,0.444067469,0.547796666,0.398260874,0.34023152,0.366579829,0.409330504,0.452366047,0.489504777,0.409308552,0.370457441,0.475085279,0.525805759,0.445529978,0.513580268,0.505180183
0.597727502,0.451987105,0.485273753,0.418635589,0.485226458,0.418027278,0.408787199,0.451944847,0.471069706,0.386275665,0.42550376,0.384796399,0.55222495,0.434422438,0.500470734,0.44216216,0.534950282,0.438562226,0.344045268,0.367872949,0.425736013,0.458351724,0.472809074,0.389076262,0.346472199,0.484530458,0.541568066,0.432762006,0.500343691,0.488137749
0.518556077,0.440765768,0.462206277,0.418110839,0.492327269,0.444204085,0.409569194,0.456878009,0.472933256,0.383015475,0.435269967,0.415847651,0.525533277,0.444166811,0.488868242,0.427124701,0.552335232,0.396629716,0.341660494,0.401021968,0.41445764,0.420236917,0.498343331,0.40928981,0.373385995,0.451602204,0.523856435,0.426322419,0.506617941,0.493750397
0.600059836,0.451886571,0.484378149,0.422411522,0.473556912,0.425287042,0.392251208,0.454670668,0.483717533,0.410265532,0.422227853,0.385259842,0.546284547,0.432392443,0.505164586,0.438111203,0.534892991,0.42094438,0.353999946,0.376179433,0.421919835,0.447447407,0.462817347,0.394604427,0.348129436,0.481752814,0.543777784,0.413917075,0.516244405,0.500921293
0.492049203,0.682485512,0.944788301,0.346342079,0.961454752,0.804778407,0.577871653,0,0.844166641,0.340693394,0.285703052,0.389118805,0.193177729,0.466897076,0.360605482,0.554233115,0.461796539,0.329747172,0.451277683,0.340494612,0.770630186,0.533048968,0.63025699,0.214848719,0.330768174,0.160366139,0.465689744,0.312987752,0.751545647,0.326933387
0.268746954,0.798569743,0.42500679,0.493989278,0.59851811,0.468944342,0.544311013,0.423097356,0.291218413,0.317329376,0.868376407,0.476286753,0.931543096,0.701571527,0.57937455,0.689260776,0.449964968,0.605457123,0.386484617,0.593857812,0.698015028,0.060390786,0.437850886,0.609664415,0.170885909,0.613750004,0.513932832,0.468592398,0.600502348,0.072237575
0.755558593,0.458139087,0.248631267,0.515943897,0.502091853,0.488125933,0.700971358,1,0.440206757,0.256268392,0.51467257,0.54360502,0.210374352,0.509498649,0,0.782890692,0.323215598,0.686054417,0.445577617,0.163982373,0.104629205,0.696366518,0.419072905,0.451752149,0.046131059,0.377261148,0.574972602,0.419667221,0.507355642,0.690853499
0.590150798,0.451290862,0.498047684,0.434745512,0.576488494,0.364811573,0.40495725,0.454004159,0.423742422,0.474331006,0.53713195,0.439270404,0.371957062,0.413837351,0.457049073,0.448363792,0.438937055,0.523776107,0.447662443,0.413942637,0.495043535,0.489837729,0.415889782,0.382597487,0.456668581,0.516907846,0.469448778,0.562320043,0.44718343,0.446268349
0.579948674,0.25707493,0.36377745,0.460032574,0.702827723,0.29001978,0.456528762,0.083112262,0.693484647,0.543526355,0.721108727,0.312955392,0.284578934,0.562330897,0.782904384,1,0.673058893,0.102860188,0.738665663,0.750191169,0.374886858,1,0.622741644,0.330642974,0.459770763,0.783091213,0.715434921,0.278400327,0.266618854,0.456366278
0.630253918,0.406940503,0.555603698,0.301728624,0.54512228,0.446620566,0.252213782,0.598897395,0.440859621,0.549662553,0.605593524,0.422746271,0.064056403,0.331865907,0.825809997,0.255693158,0.557847123,0.657247357,0.806078257,0.137513492,0.210834549,0.109909368,0.547680283,0.604252964,0.514401003,0.123515043,0.513040794,0.518766945,0.381994188,0.136816657
0.552438305,0.429761186,0.479908835,0.461852013,0.374749391,0.587249442,0.426985876,0.552571515,0.416759624,0.511750486,0.54224296,0.324334696,0.382102001,0.432748416,0.428045494,0.425610357,0.572286863,0.315987715,0.330201413,0.266220986,0.504129607,0.568061593,0.207234618,0.525668773,0.349793204,0.470811684,0.366913115,0.623912161,0.723321069,0.688737166
0.551686534,0.417668384,0.549048598,0.306756746,0.476066451,0.31385369,0.468861231,0.544036567,0.406376695,0.184198212,0.199785877,0.394549975,0.336381438,0.357007214,0.85860076,0.352057603,0.253017353,0.676761021,0.02223116,0.178905759,0.084929398,0.445898486,0.555284462,0.376860356,0.01694078,0.448602436,0.032695135,0.299533504,0.102359988,0.124188865
0.577866504,0.449278745,0.509170073,0.415166067,0.48539867,0.42111541,0.427358975,0.459732334,0.475324318,0.426008246,0.422897978,0.376228038,0.53273624,0.455880386,0.505897268,0.446634468,0.497703169,0.491749452,0.374204642,0.35065999,0.3983816,0.515504198,0.456776072,0.448945712,0.38154988,0.479611273,0.534399066,0.391417855,0.57086029,0.558736624
0.452636387,0.381115734,0.561048558,0.474144192,0.602786521,0.616901851,0.733983214,0.485461446,0.279424548,0.662876589,0.522450814,0.475532381,0.415241968,0.595504108,0.642799552,0.335094444,0.676042682,0.617430852,0.52131532,0.429189804,0.347986282,0.246869896,0.533842182,0.560258258,0.026344581,0.628930375,0.8667478,1,0.546140935,0.785526507
0.53588897,0.499342797,0.009546828,0.429157148,0.685239756,0.101072196,0.377586052,0.330837736,0.649754359,0.488316974,0.508191303,0.351482404,0.470629911,0.68682914,0.106975011,0.757783819,0.47680046,0.223584057,0.698517922,0.491554464,0.324211211,0.047571566,0.405925793,0.493858585,0.589359955,0.764214218,0.308741565,0.147485248,0.345014499,0.549584625
0.375032349,0.440607979,0.528226937,0.115005456,0.278043549,0.340605259,0.400790752,0.605923919,0.454914039,0.843940519,0.191525618,0.243811657,0.50522644,0.873879994,0.772124457,0.463380248,0.368298287,0.841027791,0.243060088,0.544801595,0.711548399,0.563543567,0.454321301,0.253661708,0.363483801,0.015271065,0.717912299,0.479661677,0,0.362172329
0.447325132,0.553403867,0.363074606,0.458966409,0.711635414,0.256830107,0.675851575,0.066175258,0.88728962,0.288721748,0.819724986,0.431457839,0.744581347,0.236914819,0.664416603,0,0.42157348,0.808248862,0.134393505,0.75393627,0.257301345,0.250549949,0.614594165,0.253681634,0.392418241,0.123329915,0.230964626,0.468012284,0.6100282,1
0.706189109,0.404928697,0.737726279,0.610856571,0.977519221,0.406557362,0.094069357,0.510075596,0.200234214,0.690054816,0.061525082,0.688167638,0.46917416,0.249231859,0.940443235,0.357817355,0.789520809,0.560457578,0.446291849,0.623261246,0.305906404,0.252779629,0.345022758,0.406052213,0.454858447,0.556365858,0.186531605,0.414487302,0.280038695,0.572220403
0.531856899,0.29700404,0.464050194,0.493878739,0.624244331,0.19865078,0.220393381,0.595981341,0.384624599,0.424195123,0.6376023,0.611073198,0.024180777,0.538652073,0.50205382,0.656725108,0.500686769,0.262163172,0.323248638,0.009409288,0.481347207,0.550186409,0.370698101,0.077371535,0.293306426,0.436600021,0.570806455,0.525294488,0.553739749,0.704888543
0.60957259,0.46947959,0.342688608,0.298932763,0.464038891,0.485170475,0.155243016,0.477957905,0.502313933,0.432657569,0.458934126,0.336527793,0.559151032,0.315898758,0.322477228,0.541185705,0.721219479,0.471485217,0.271936471,0.665909953,0.271056746,0.289080953,0.596212328,0.453770553,0.551000226,0.483324004,0.490879803,0.785780158,0.570186364,0.502622272
0.606235683,0.55191505,0.639901299,0.290296767,0.824571488,0.900958456,0.754720056,0.688955193,0.670385392,0.621249532,0.532852727,0.405322742,0.964565527,0.32438282,0.404113011,0.24820819,0.321808843,0.479644658,0.512154362,0.472261611,0.555931325,0.661380842,0.022904191,0.332778979,0.686661485,0.1348578,0.841046625,0.459124869,0.414598108,0.341904266
0.15796316,0.745578406,0.780557588,0.411212391,0.242525268,0.468354536,0.583789212,0.308663864,0.639692037,0.459699986,0.476700041,0.583357632,0.353167719,0.559262789,0.04964645,0.532620636,0.638982697,0.970131899,0.029080445,0.440900207,0.666212917,0.465792038,0.222616441,0.2337067,0.443218359,0.66429273,0.41872788,0.372217811,0.327535635,0.391354475
0.605240935,0.465339552,0.58390708,0.350205806,0.59440796,0.694241409,0.284522156,0.67257542,0.703207216,0.660387313,0.190851083,0.325017446,0.418424815,0.394144349,0.530396645,0.377041274,0.294719571,0.362786517,0.32294025,0.25451947,0.345522152,0.305900039,0.305429988,0.40599009,0.671023885,0.733436041,0.233289086,0.335791822,0.682992134,0.343967993
0.28740236,0.507637549,0.440844244,0.539269678,0.59814322,0.214843794,0.539412971,0.491065027,0.377895913,0.571302806,0.203474331,0.579623626,0.718459508,0.796976436,0.180185455,0.340923806,0.462676474,0.479956659,0.427942415,0.196078904,0.763243482,0.700702911,0.62367355,0.379369962,0.259332769,0.909698959,0.21286553,0.683632009,0.449846578,0.289218705
0.59484571,0.248692467,0.730271499,0.451303133,0.345742448,0.220653595,0.442048842,0.546091472,0.649420245,0.28927941,0.371323653,0.524981805,1,0.27025857,0.616823036,0.633804385,1,0.809406198,0.228104235,0.192825529,0.335316808,0.741775078,0.145116604,0.837662443,0.2592135,0.665333388,0.641856815,0.495948195,0.557577151,0.485588124
0.661180332,0.120113167,0.685361383,0.616623501,0.399998428,0.378120493,0.521744347,0.609335481,0.593272696,0.232550024,0.35639091,0.138165857,0.435912064,0.443396249,0.991809803,0.425132829,0.665476191,0.364885631,0.110208862,0.096205375,0.784176194,0.412822942,0.881238652,0.345210025,1,0.502550554,0.490280041,0.369702799,0.234027053,0.990394357
0.759544097,0.336868839,0.5834933,0.573604624,0.337039668,0.461635861,0.850164807,0.627372324,0.392609132,0.225304488,0,0.773361928,0.672937496,0.487042567,0.635563527,0.779937927,0.409472299,0.328970114,0.190756985,1,0.542024444,0,0.588884526,0.642595745,0.231540501,0.359199636,0.55382915,0.0234993,0.510832486,0.683169676
0.637175209,0.487502289,0.496739072,0.359001744,0.387448138,0.481114183,0.525670991,0.36293016,0.545479891,0.411957524,0.180204989,0.45367981,0.337964207,0.459715595,0.490589671,0.392048995,0.488979998,0.427149546,0.113545744,0.300182475,0.53436308,0.496861543,0.606001055,0.696255343,0.361915459,0.481257227,0.379160848,0.209626323,0.483633191,0.277667678
0.509175521,0.52747841,0.594566851,0.278878815,0.796541958,0.141541556,0.070393663,0.2342498,0.635131146,0.485244433,0.062437653,0.42231743,0.260053121,0.332632567,0.046720663,0.404351557,0.336371036,0.461607963,0.309396367,0.615240492,0.282134078,0.802474324,0.454534765,1,0.386949764,0.645497092,0.386921901,0.238746622,0.425111203,0.243254084
0.725336123,0.445765398,0.615377762,0.473033416,0.595310667,0.338875318,0.310717304,0.646004485,0.461416956,0.518335543,0.418508336,0.505349875,0.441078845,0.372061706,0.002375742,0.487005195,0.369742671,0.290763537,0.412359949,0.550299413,0.460455493,0.407044648,0.573961436,0.686875846,0.258249375,0.217756274,0.455527849,0.426545426,0.646854077,0.828508414
0.088967628,0.676604809,0.553144862,0.908683348,0.722498834,0.393939453,0.236875173,0.630796132,0.73634164,0.488867175,0.491428039,0.400951058,0.356311574,0.505226422,1,0.312354289,0.357456331,0.679546646,0.339788627,0.501624879,0.382671418,0.404202518,0.301885934,0.475808065,0.357318759,0.890045314,0.40793551,0.123151188,0.518860759,0.421717913
0,0.60402966,0.709497122,0.165268628,0.595694579,0.375381258,0.360602123,0.214907567,0.242835191,0.58388513,0.66213725,0.523108157,0.64559157,0.267414271,0.688219638,0.45732642,0.109262569,0.218360771,0.268414982,0.304714438,0.747013492,0.594537982,0.67163199,0.939432106,0.391474438,0.608947494,0.429823221,0.678658193,0.49679307,0.411213175
0.443030596,0.600453916,0.17136601,0.538267126,0.746201763,0.519135604,0.156549202,0.266266512,0.373661705,0.479670213,0.559322884,0.389479274,0.659193924,0.283013268,0.669848195,0.717653074,0.090148989,0.969095043,0.448886515,0.572643207,0.527188565,0.524849571,0.358233053,0.200302254,0.317113933,0.58644497,0.757934928,0.144499016,0.279945095,0.671322077
0.693225066,0.329942158,0.97341844,0.331468592,0.68154255,1,0.550559991,0.633804231,0.694854726,0.5898057,0.858755302,0.666498549,0.136410787,0.516646278,0.43678721,0.638570219,0.270648812,0.540309616,0.256529118,0.234002865,0,0.570138921,0.46141854,0.769691845,0.439275093,0.40483345,0.452394173,0.233558536,0.17140385,0.607528024
0.039119793,0.402379752,0.45028201,0.47786146,0.476805146,0.409437286,0.633417693,0.15758342,0.213631118,0.425294431,0.417086263,0.601132261,0.305891537,1,0.64051461,0.529387507,0,0.166802331,0.275966855,0.372125083,0.761074046,0.490151872,0.408139826,0.605426697,0.629961008,0.382729099,0.420557574,0.792901103,0.440859616,0.804723929
0.537232325,0.463437413,0.562308522,0.401883107,0.481412034,0.385471438,0.368459919,0.288039139,0.674052215,0.614740795,0.835018101,0.493285816,0.290696653,0.49132028,0.668015603,0.741737075,0.266165379,0.620437609,0.513303028,0.417650222,0.558980986,0.375088189,0.303340448,0.762881879,0,0.575307118,0.726227571,0.334760328,0.38875328,0.381986122
0.615800711,0.574592413,0.704941115,0.595214113,0.577373526,0.249406868,0.185349871,0.327460489,0.651923464,0.3750483,0.769257749,0.24334643,0.374843565,0.295386084,0.58914782,0.758718508,0.479787913,0.738900731,0.11878118,0.438337414,0.835740017,0.223827837,0.506446699,0.218559793,0.656854165,0.397756286,0.354227281,0.651055442,0.33695044,0.299705229
0.087747382,0.470257523,1,0.619819812,0.338895434,0.584314428,0.223901918,0.521369794,0.830581313,0.622733607,0.535014522,0.655800275,0.2572877,0.286079879,0.559551457,0.322716378,0.212425784,0.521792205,0.418334215,0.536208444,0.376306349,0.591534087,0.345932922,0.253046474,0.331729398,0.431039167,0.663146273,0.433570396,0.484828016,0.840659489
0.583936431,0.505517066,0.531772421,0.439670514,0.608092704,0.371061828,0.346407649,0.47741716,0.421986434,0.402308944,0.524332943,0.470518517,0.467477131,0.339928306,0.428168752,0.416268747,0.419220293,0.521809118,0.431764071,0.554985593,0.544773386,0.549915082,0.46693234,0.307894498,0.515296617,0.555842394,0.480507155,0.661799074,0.48299606,0.45185618
0.720739994,0.390397191,0.174110095,0.39833141,1,0.587345607,0.399609485,0.398013449,0.324515464,0.65392151,0.546770292,0.215822466,0.468256114,0.387550003,0.533005106,0.505301239,0.436405472,0.827294601,0.180174955,0,0.43112465,0.278222924,0.525934862,0.122201967,0.190550736,0.593727419,0.746718489,0.599474444,0.366006525,0.473446498
0.180675372,0.567893587,0.357472875,0.700096377,0.578845954,0.473179422,0.43881853,0.561611775,0.457092995,0.406829964,0.497653214,0.381287256,0.452932346,0.454413623,0.600384494,0.342922453,0.569940463,0.443010011,0.488497308,0.415486513,0.360930076,0.391200491,0.450991206,0.426049738,0.395839155,0.382177401,0.542737198,0.325784608,0.353600629,0.412472635
0.554012189,0.598733912,0.475602361,0.438166326,0.404065801,0.455790096,0.383473356,0.435128438,0.528473388,0.369551966,0.472217139,0.388237893,0.53963228,0.423871264,0.486635195,0.466835066,0.541153098,0.397721238,0.381854441,0.337490013,0.358696941,0.41496009,0.418183655,0.389302109,0.357919263,0.479222563,0.572505603,0.435632414,0.462345906,0.474441645
0.577925362,0.439306827,0.499915281,0.410929493,0.477118909,0.400979766,0.353592611,0.472748511,0.462703872,0.442647369,0.470984554,0.411673021,0.546802879,0.441117817,0.478368732,0.445813859,0.508858998,0.488325869,0.363829062,0.342953466,0.3834282,0.4396679,0.485206101,0.419447642,0.35207168,0.536009571,0.480442105,0.447962512,0.536370389,0.534156115
0.596776893,0.400373924,0.290406683,0.34634275,0.516423262,0.467380534,0.430322224,0.413554107,0.31253532,0.511951756,0.422432662,0.292598799,0.594233302,0.631543858,0.567812221,0.453733275,0.583108726,0.552442047,0.449017174,0.239860374,0.423722817,0.478162457,0.49998526,0.419229274,0.302965137,0.467600095,0.704590102,0.39328818,0.37480401,0.636140867
0.529606895,0.337634018,0.476659687,0.414021487,0.402294792,0.635623749,0.361340299,0.496791304,0.566560227,0.328002796,0.349906404,0.495552642,0.446748963,0.575717095,0.617670706,0.453445168,0.545428024,0.461371852,0.171246588,0.150861082,0.507055521,0.152770841,0.35546658,0.654344206,0.349370207,0.533323978,0.623526867,0.263805878,0.433712612,0.74178531
0.216495144,0.366178689,0.414440186,0.499612205,0.407059929,0.160500375,0.385863231,0.326393332,0.546511017,0.532437818,0.461231518,0.446436197,0.421234495,0.5913792,0.418220375,0.420000507,0.54370251,0.403477589,0.4892699,0.340156737,0.260800803,0.215564851,0.495828046,0.557199526,0.439148741,0.417691054,0.288094432,0.567050829,0.490657295,0.472094589
0.57991102,0.549398673,0.522143292,0.459232713,0.517610863,0.437925267,0.357435521,0.546109599,0.366549628,0.422593927,0.441713304,0.402194218,0.502214987,0.415199698,0.219656528,0.324978607,0.547316378,0.380046219,0.400313068,0.47821787,0.562631996,0.371584159,0.35648992,0,0.35504925,0.459463039,0.105517251,0.933355776,0.465013505,0.380186458
0.596365165,0.397064659,0.464322947,0.42982051,0.544884284,0.358561318,0.463506851,0.430591157,0.42549841,0.546353068,0.549930956,0.40802229,0.276436993,0.487746396,0.485929393,0.480458837,0.458653815,0.525743097,0.463560815,0.27289968,0.445313684,0.429760377,0.364847225,0.457300476,0.398040545,0.477973298,0.458390401,0.462841011,0.411370801,0.440680519
0.472839557,0.482144988,0.524562873,0.484946025,0.364138105,0.018196864,0.706651794,0.177267257,0.503362916,0.552353701,0.2264011,0.550508522,0.318796242,0.451114871,0.478166699,0.448402892,0.571070665,0.772819425,0.311045375,0.204484945,0.192022835,0.546746782,0.582847564,0.149272306,0.67701344,0.500853808,0.589939809,0.157371031,0.506010449,0.392624766
0.590106851,0.40279333,0.550327299,0.554898569,0.513005952,0.225915201,0.305388843,0.315002561,0.376428999,0.531793091,0.472752726,0.651381975,0.708742598,0.437541207,0.223496282,0.449000634,0.327594773,0.412686594,0.338606432,0.396543969,0.102811613,0.549794443,0.497750141,0.285564407,0.171179152,0.706915727,0.399020919,0.385475396,0.61430022,0.839438172
0.247199563,0.29462381,0.410333871,0.464986472,0.461483065,0.57394282,0.38590615,0.356512075,0.585617618,0.387427753,0.531698706,0.424410872,0.552267835,0.433580168,0.562795385,0.471434231,0.390867921,0.485347713,0.422352753,0.33446584,0.422049013,0.425994707,0.493132781,0.477302518,0.411827827,0.440330439,0.419756254,0.52106767,0.389361838,0.467393425
0.201176673,0.396729306,0.439173359,0.512166383,0.405579002,0.536672704,0.406804566,0.394660484,0.528563309,0.410318153,0.532619956,0.396957201,0.493088114,0.4177962,0.510880382,0.441272914,0.455833297,0.474763163,0.46278285,0.403871292,0.439980908,0.393259245,0.473404981,0.459878427,0.417235427,0.438882826,0.438037371,0.421847609,0.539254406,0.45532487
0.380215666,0.299636984,0.352988123,0.443610491,0.372380712,0.61593587,0.394469458,0.265208582,0.570566023,0.346328554,0.514111571,0.419718695,0.499520969,0.372897102,0.508266927,0.51980396,0.441435787,0.507482225,0.39796049,0.418486252,0.42410972,0.422079099,0.468865542,0.412290336,0.351417989,0.382299465,0.323240862,0.478172804,0.470471296,0.443878953
0.306872567,0.153632827,0.333188497,0.460470369,0.416685604,0.568475374,0.364169588,0.294473463,0.687917836,0.320112734,0.508402323,0.435688453,0.554454099,0.347748009,0.50759293,0.58828697,0.399804094,0.513515898,0.348863402,0.347054936,0.362841846,0.442216363,0.409849451,0.425515568,0.343011044,0.442780227,0.298781729,0.557533927,0.420826332,0.475977475
0.14572458,0.203084848,0.400380831,0.473508999,0.448810283,0.542907915,0.404202492,0.368071459,0.617035288,0.353261413,0.502201969,0.427355788,0.493378292,0.354036103,0.460539701,0.526167458,0.420679367,0.484079552,0.447245103,0.316092277,0.416399771,0.381681821,0.500672009,0.392496261,0.366693897,0.506139811,0.368133452,0.447051971,0.399334558,0.512710724
0.171153399,0.136785089,0.355286761,0.496109647,0.445616823,0.556479809,0.411578702,0.326450555,0.660915014,0.36044887,0.51050216,0.425243115,0.521801835,0.35191779,0.484327558,0.554744098,0.443326714,0.507016456,0.374663445,0.373784685,0.379022168,0.417150101,0.474368449,0.400413502,0.35353239,0.467083567,0.362621831,0.533434843,0.383397665,0.449478439
0.100876535,0.247344127,0.44226948,0.486912212,0.43904709,0.530661455,0.402412586,0.391436214,0.540731028,0.424863353,0.477042346,0.407959959,0.478977843,0.378838667,0.425128148,0.52270228,0.432682255,0.506413171,0.403364234,0.353892959,0.418427193,0.390512999,0.493910455,0.418702024,0.396541705,0.478765764,0.429052343,0.469967196,0.44062649,0.451720888
0.046078578,0.617418686,0.534990184,0.531855004,0.497787801,0.437121196,0.43535425,0.477798153,0.435161156,0.439088011,0.503019738,0.37109593,0.467613769,0.521643604,0.519018898,0.433085107,0.48632336,0.475696004,0.446190392,0.374343627,0.393571197,0.419238944,0.456921738,0.44344774,0.432674163,0.497460739,0.516939465,0.418454425,0.473128055,0.517129572
0.111496826,0.535615072,0.506927934,0.509403809,0.466757172,0.480277642,0.414753649,0.444261572,0.49282729,0.4368182,0.497874602,0.379673924,0.484871952,0.449354416,0.478000246,0.474341182,0.492242297,0.464451673,0.429371513,0.356105414,0.371060798,0.416004048,0.449523224,0.45294331,0.405118326,0.48704921,0.450164489,0.447282655,0.439450107,0.480984254
0.306726424,0.584311077,0.510168881,0.501321387,0.427028199,0.37879597,0.418665503,0.444454021,0.442987217,0.504876956,0.440211919,0.449029382,0.50959105,0.422134786,0.483129329,0.448493057,0.510360225,0.452735793,0.383729661,0.351494188,0.355079255,0.387076299,0.477155276,0.489250148,0.449307032,0.500570893,0.545945587,0.452805029,0.616252463,0.628312332
0.08488527,0.306403909,0.471527364,0.53162629,0.45593888,0.49478605,0.414070603,0.403652826,0.573596193,0.459050326,0.487480871,0.388470129,0.500385585,0.391521895,0.453958541,0.47544592,0.435396838,0.50669108,0.400705063,0.363875532,0.399274238,0.417561887,0.469548865,0.444291629,0.381568106,0.489562086,0.452240281,0.478368057,0.42132603,0.471185843
0.184666349,0.477526501,0.478173753,0.50155538,0.429946208,0.497933252,0.404004688,0.403139239,0.577185682,0.420535363,0.492350068,0.378122439,0.486313255,0.41653016,0.49959456,0.4845441,0.473284836,0.486751517,0.430943087,0.370819491,0.385517649,0.41593662,0.452993801,0.427434065,0.382078295,0.479931372,0.400817979,0.45605373,0.432481253,0.501343838
0.131608813,0.365888537,0.480727368,0.514933701,0.418915211,0.519163703,0.408552856,0.394907648,0.534815621,0.456275911,0.504321665,0.420460441,0.491636997,0.38978082,0.451442097,0.520789939,0.480912542,0.459858318,0.389516749,0.347502467,0.435540855,0.401501897,0.408563258,0.383906595,0.39955866,0.505480494,0.465256986,0.528723322,0.436108483,0.463615011
0.209334821,0.177439349,0.322851586,0.491116603,0.457421899,0.576533453,0.258610884,0.289282354,0.532723235,0.490036237,0.504765044,0.548145869,0.644921686,0.498286556,0.572075454,0.530113414,0.368026165,0.504776513,0.336505873,0.289863448,0.407668772,0.410201611,0.393809274,0.354248585,0.215553498,0.545037692,0.363998668,0.58237115,0.404029819,0.385047185
0.096436009,0.907781933,0.554984324,0.454490356,0.488706483,0.444967341,0.407019894,0.510343206,0.429378594,0.48272731,0.529523675,0.405683058,0.550662567,0.5619005,0.536550606,0.43665044,0.462169089,0.431738717,0.462496081,0.317456346,0.402133175,0.346227421,0.399836141,0.430059682,0.356233874,0.40881332,0.571995354,0.401556578,0.452667191,0.545806319
0.03107835,0.232185518,0.460055761,0.524312498,0.454844137,0.522221053,0.395113213,0.41215034,0.465432155,0.490273296,0.454388295,0.407605131,0.497989526,0.3919119,0.388692043,0.467946907,0.451603663,0.534408123,0.375677264,0.400625695,0.466004535,0.401437165,0.504819186,0.426942216,0.402317201,0.523362313,0.448502401,0.459593893,0.454893624,0.425759892
0.180499763,0.258627961,0.428209706,0.475734021,0.441486994,0.524487346,0.390205463,0.379859306,0.576306832,0.402134654,0.48675776,0.410183704,0.502574109,0.388456166,0.455858338,0.528884544,0.437096552,0.48795937,0.381755194,0.364563701,0.399206819,0.410996766,0.467494944,0.422795568,0.385275462,0.460601664,0.399246689,0.466507806,0.439648646,0.470789193
0.059433226,0.418755336,0.62820585,0.36882745,0.494138372,0.486075409,0.504117675,0.319045224,0.409955997,0.515127707,0.480271336,0.407039719,0.549092179,0.357578825,0.461521429,0.360565744,0.531051076,0.431268403,0.466661977,0.359421696,0.472852394,0.368160374,0.413729507,0.518342318,0.308052972,0.541546058,0.405285814,0.551016405,0.474326141,0.402611808
0.071376302,0.405156007,0.492146917,0.526333802,0.454761679,0.483858489,0.424745674,0.431302007,0.506786201,0.446186179,0.492328779,0.38446625,0.474097384,0.434281355,0.457328149,0.482661048,0.469416994,0.486540986,0.412011532,0.376007671,0.407027571,0.399907507,0.474022449,0.423226862,0.4052126,0.506426715,0.47935268,0.462329572,0.452417407,0.465642762
0.134936502,0.53605757,0.493485586,0.494748582,0.454284581,0.473210163,0.420430089,0.447418093,0.506868981,0.42775137,0.489287696,0.390105461,0.47807325,0.450667578,0.479270505,0.471668815,0.48143595,0.45719868,0.436886518,0.363451484,0.385243572,0.41196214,0.473276478,0.443055111,0.398369969,0.487466404,0.462723668,0.44875657,0.446687445,0.482151184
0.279277441,0.808955497,0.483717495,0.440201735,0.407415749,0.504418052,0.376825687,0.426607989,0.57203907,0.397695681,0.520657299,0.400378876,0.51343681,0.488509094,0.540664966,0.498274278,0.486479057,0.446149875,0.437690425,0.318293431,0.365821509,0.413986085,0.4167634,0.435745456,0.376823627,0.465339158,0.399864254,0.442554023,0.437713821,0.50567748
0.37315186,0.730842439,0.510440743,0.48151565,0.407783415,0.512309774,0.316860827,0.4314101,0.512151811,0.447511093,0.530750054,0.402555066,0.577554358,0.498598496,0.579458867,0.479524724,0.460084085,0.407507388,0.414892128,0.284366887,0.339310871,0.373130652,0.397397433,0.364745008,0.433495556,0.472136592,0.31401793,0.385288966,0.425005539,0.567094223
0.135180511,0.190763969,0.402816111,0.505047443,0.437960219,0.545042449,0.406294827,0.367447603,0.582201331,0.406522605,0.499095467,0.397453831,0.495950294,0.375991047,0.442481356,0.526471792,0.435616529,0.511860325,0.362599782,0.378454692,0.423896188,0.408038105,0.487765989,0.416775272,0.372310047,0.474825029,0.399870717,0.487196063,0.414207043,0.437975597
0.087227225,0.305996448,0.457119266,0.528086973,0.452498594,0.511238564,0.416768733,0.408752828,0.526609641,0.44247913,0.495280582,0.396034823,0.483572078,0.413168823,0.446398655,0.494347854,0.452028031,0.498371695,0.385103221,0.377875847,0.420022884,0.40862475,0.482199966,0.442134078,0.39895559,0.488838175,0.443646702,0.475694416,0.436643297,0.458236098
0.099905662,0.392856619,0.481772827,0.518977634,0.457338576,0.49596526,0.413946546,0.423896297,0.514889669,0.445816889,0.494802415,0.407969775,0.488730941,0.421879983,0.458137572,0.48737639,0.478562471,0.489554192,0.421100721,0.356159326,0.386962258,0.417169319,0.477027348,0.432137627,0.404689813,0.495757711,0.464333628,0.460423479,0.436962885,0.473022755
0.136802269,0.452873693,0.467606384,0.460741269,0.436569598,0.463304856,0.422742825,0.473042631,0.304148171,0.375790189,0.467749579,0.491079622,0.398164171,0.571242426,0.497335774,0.435125538,0.452690046,0.581219899,0.268780532,0.404733726,0.372625991,0.439625641,0.553711163,0.405442558,0.480019303,0.753775636,0.347675144,0.436923001,0.371288914,0.39768472
0.703178016,0.29898462,0.743057871,1,0.157301345,0.634523518,0.472802266,0.272239052,0.108958594,0.614481747,0.451823969,0.435658141,0.391218862,0.466157239,0.367184326,0.428126932,0.577874097,0.702992814,0.632800978,0.426919998,0.489471776,0.448350135,0.372978158,0.488505385,0.422961905,0.329624234,0.303776697,0.458615647,0.211143082,0.481670161
0.079260432,0.332626014,0.475044681,0.556551573,0.467942811,0.504468674,0.425562799,0.436789813,0.507159878,0.450429146,0.507270504,0.407585359,0.491202438,0.429098651,0.459002826,0.474595668,0.477742509,0.492689974,0.399553774,0.37604335,0.419245305,0.415299675,0.502031993,0.432299394,0.376167839,0.508450461,0.453706844,0.43438648,0.431878086,0.463861407
0.069972273,0.392302253,0.481047229,0.564008454,0.446696478,0.551151727,0.441414261,0.441127027,0.539171882,0.452391144,0.565011037,0.448275802,0.367341863,0.377381952,0.511768729,0.382157221,0.467993185,0.41529063,0.366090496,0.368025439,0.39555113,0.481833065,0.479933569,0.275543793,0.330800864,0.370161196,0.600623764,0.348690756,0.448652468,0.547256397
0.084466288,0.568721028,0.552285636,0.507947068,0.460753557,0.460598816,0.448942298,0.465903295,0.49145397,0.435740572,0.494260739,0.375897509,0.475611546,0.457872158,0.478519262,0.481199306,0.488983673,0.467698834,0.44093853,0.364826773,0.372899191,0.407018498,0.449296529,0.425164817,0.41995969,0.520695272,0.486741863,0.431830027,0.446932571,0.473466166
0.1463505,0.659120017,0.52771386,0.501485674,0.451080789,0.470152612,0.426085287,0.455544168,0.541466043,0.410700687,0.5036008,0.385602516,0.484663365,0.477921747,0.511963962,0.488368272,0.487988791,0.460442502,0.452144761,0.350149389,0.374285773,0.40305846,0.444373699,0.439838932,0.406978206,0.49549556,0.459741586,0.439566485,0.448072173,0.490339686
0.234896355,0.783075579,0.49999433,0.485246733,0.437833601,0.485205919,0.405769248,0.440333509,0.569885174,0.394548506,0.499069232,0.393967013,0.49179309,0.501739823,0.532637529,0.479450211,0.49312846,0.432184367,0.461068328,0.33822281,0.344922299,0.418769243,0.442053858,0.437172597,0.387586084,0.473717742,0.430524938,0.44429265,0.448623783,0.516317753
0.124322536,0.438299448,0.616642227,0.52529614,0.436834758,0.50280647,0.39828636,0.439085845,0.61657938,0.456186184,0.643201369,0.424365467,0.488792469,0.544162084,0.375162561,0.521956584,0.527033203,0.609977828,0.29825784,0.315752722,0.476003465,0.434407252,0.551257273,0.409298168,0.372970227,0.435205835,0.419132993,0.58292082,0.451408568,0.419159528
0.07249108,0.474372685,0.456080579,0.61679223,0.480741707,0.475363767,0.424788771,0.470761806,0.505341942,0.448126921,0.534271372,0.376811048,0.451623338,0.485207698,0.509107155,0.442055155,0.492807948,0.461848029,0.422982726,0.370478756,0.430161831,0.421421262,0.534479956,0.389558283,0.396531236,0.511094175,0.515494398,0.480823544,0.450621657,0.498278191
0.6849775,0.284197952,0.646318239,0.862763374,0.18145194,0.655768514,0.402877209,0.249332583,0.287633092,0.547588797,0.463146707,0.466753785,0.364302727,0.493181588,0.378881738,0.305723699,0.556137407,0.599544706,0.570062355,0.400962151,0.378836457,0.408718775,0.479221802,0.548628788,0.496997718,0.574015989,0.489383905,0.450677896,0.309026358,0.370880191
0.080631876,0.768770277,0.594046676,0.480728553,0.471866586,0.439468968,0.429234479,0.490316487,0.47591121,0.446150421,0.516104554,0.39163272,0.46590047,0.492810414,0.493125586,0.472626228,0.481529108,0.422557147,0.441658568,0.335794981,0.331320473,0.394690106,0.457279113,0.434850836,0.393977086,0.495877705,0.511227215,0.391932483,0.453771277,0.476716012
0.25542461,0.84883611,0.498729387,0.441356096,0.425453602,0.49473832,0.395752689,0.450465281,0.586361868,0.398945538,0.525456643,0.403751016,0.506400967,0.499111128,0.542958556,0.48405537,0.481021165,0.4212854,0.443416357,0.335191306,0.357698455,0.410856635,0.40380104,0.439285233,0.360895399,0.458484181,0.436286123,0.425623223,0.44163776,0.531006678
0.160650626,0.776503653,0.516410465,0.471223511,0.454924884,0.460367835,0.403593444,0.461155846,0.552051071,0.415242923,0.510258641,0.408310908,0.509421326,0.505203661,0.519670573,0.476770191,0.468642662,0.439319325,0.442340563,0.318133751,0.347092182,0.409550212,0.425172392,0.439430952,0.386373915,0.467918872,0.478650346,0.438877084,0.445980773,0.506398863
0.166926121,0.742516333,0.51651362,0.470537334,0.445530291,0.475902184,0.397464756,0.4617872,0.532109946,0.42211491,0.517238132,0.398220168,0.507597452,0.498459033,0.519923655,0.485541381,0.483032513,0.449600809,0.435248468,0.33043393,0.367299676,0.407038955,0.416962919,0.443692389,0.391231416,0.490965811,0.458197558,0.427921442,0.44496238,0.503114161
0.248201129,1,0.488866217,0.475270485,0.412024091,0.547092173,0.393374417,0.499284908,0.658751408,0.414061829,0.592642083,0.50161999,0.508547004,0.569173889,0.440719929,0.528491558,0.387089639,0.337385074,0.324032017,0.23110895,0.350985416,0.28527833,0.554709509,0.349992024,0.206116089,0.372054346,0.44803402,0.414272881,0.261554172,0.475879764
0.039281082,0.202965836,0.582121292,0.484277943,0.400022598,0.537999904,0.414594361,0.317906437,0.475150687,0.552712546,0.355364821,0.428096667,0.418670776,0.421624557,0.465494096,0.601322184,0.365930216,0.45980233,0.47597294,0.401225171,0.41933325,0.334165107,0.629874518,0.391859137,0.314037927,0.593549281,0.444657834,0.540183192,0.332263668,0.541065028
0.324406025,0.814696876,0.477584203,0.426541646,0.412182153,0.500716122,0.370183683,0.427364528,0.581961483,0.399663264,0.516969488,0.402043973,0.530554112,0.479237506,0.541000127,0.48541315,0.4877896,0.443726068,0.430320843,0.316948632,0.358397773,0.411717107,0.410896744,0.443111432,0.354359513,0.457148201,0.412754557,0.425312946,0.446505917,0.49983514
0.228899984,0.445489922,0.480897633,0.485398908,0.426455294,0.486907668,0.431661489,0.473178992,0.508556661,0.421103304,0.455670739,0.431050936,0.516052973,0.488376323,0.485546778,0.440117786,0.47522094,0.552463045,0.414820187,0.392951987,0.418577103,0.423735003,0.453304463,0.451518554,0.42349804,0.532252172,0.419124903,0.455848121,0.4317097,0.367797048
0.196727277,0.43494704,0.537671151,0.523319156,0.473253556,0.44209756,0.429155398,0.465174191,0.485279005,0.442552183,0.459689446,0.395350913,0.49045008,0.398113613,0.485267806,0.424385337,0.482086514,0.423203453,0.465252252,0.337912203,0.383300037,0.432075013,0.461231604,0.430120066,0.397897476,0.452459511,0.499688062,0.406423408,0.463544678,0.476666685
0.33205095,0.498881393,0.528462242,0.479124877,0.497817133,0.442065805,0.423743964,0.469124654,0.493572552,0.403094506,0.471189585,0.40075861,0.476730548,0.45740703,0.467637284,0.426927161,0.528727989,0.446186561,0.348358941,0.351711663,0.335907078,0.417268002,0.484615881,0.417227428,0.380800796,0.500123056,0.505505489,0.440478542,0.51818445,0.515097165
0.175650724,0.684411569,0.602987321,0.443868471,0.466405941,0.434411528,0.411586432,0.401124828,0.519671316,0.438013641,0.508107216,0.362188359,0.484547559,0.470848022,0.451803786,0.542327741,0.490815547,0.370712789,0.418625332,0.342610507,0.367062636,0.444854897,0.428239259,0.410256572,0.383532391,0.464220505,0.498359726,0.463278037,0.544416255,0.532979492
0.335433249,0.450641984,0.511647184,0.551004911,0.449448041,0.474837721,0.339088018,0.440358321,0.569167161,0.468833603,0.396901133,0.353837819,0.458559527,0.525718027,0.451401912,0.423904214,0.44674101,0.596698991,0.363790414,0.377894806,0.425059859,0.524971387,0.49087956,0.46926595,0.390440516,0.552104074,0.471369516,0.43517106,0.542926874,0.49976846
0.33428391,0.443783529,0.502323533,0.472562982,0.48732307,0.440197484,0.404272149,0.455565722,0.4873815,0.443394847,0.423862365,0.435657805,0.525154264,0.495872435,0.52842444,0.411454947,0.477378672,0.411744515,0.472694846,0.40758815,0.420017852,0.3987211,0.570318748,0.52173692,0.333139273,0.506310921,0.360263117,0.495385639,0.413822532,0.46222252
0.667090088,0.753419315,0.281708576,0.410159405,0.216164067,0.677338259,0.286942308,0.294022653,0.594359712,0.472781687,0.494624562,0.437109748,0.496124205,0.40437674,0.503785663,0.483305231,0.530126311,0.433681869,0.347737106,0.328906787,0.452494756,0.433393346,0.497888891,0.425674574,0.321015441,0.478981128,0.40433746,0.452874146,0.435068893,0.476387108
0.732664515,0.68900145,0.256666095,0.437509255,0.144075482,0.722827683,0.275416517,0.244598811,0.555905419,0.516846509,0.48537471,0.444478552,0.464562506,0.365049277,0.477465726,0.459235274,0.534227646,0.440669544,0.344112044,0.336462557,0.460893075,0.445210851,0.52796998,0.450736983,0.334623726,0.463189576,0.427401978,0.462252733,0.436971255,0.472397691
0.220412764,0.525209572,0.508175624,0.520459609,0.459680607,0.443680378,0.408057309,0.469620373,0.498750622,0.435729211,0.511720134,0.397465346,0.527441911,0.478439323,0.47851075,0.445278709,0.500424292,0.494775663,0.386273013,0.357317323,0.392568774,0.444820893,0.467202012,0.445281619,0.375201124,0.486299769,0.46983504,0.404882126,0.465070548,0.485981068
0.051620329,0.392905483,0.501131402,0.533923775,0.469061995,0.483484625,0.438165152,0.442496078,0.486758466,0.453508512,0.486732186,0.389099587,0.473388665,0.43137461,0.449483791,0.472617881,0.457919706,0.471551335,0.411720449,0.369826427,0.399754943,0.403922044,0.49557878,0.442772967,0.408188938,0.489099579,0.476210536,0.47160229,0.436581926,0.456905294
0.088238733,0.342932899,0.49059947,0.498000556,0.481372673,0.499320723,0.440033136,0.47723619,0.489656992,0.463903664,0.506676354,0.410512389,0.523523668,0.423173564,0.459485203,0.436776977,0.400542429,0.47491639,0.346521847,0.32229222,0.399951209,0.405605242,0.498261221,0.447338834,0.408811571,0.496706572,0.434647456,0.485230874,0.402707848,0.453279821
0.035816178,0.333117909,0.483141119,0.48463754,0.458824125,0.5080731,0.352080921,0.442925103,0.378579337,0.543434985,0.536933755,0.446179907,0.569762132,0.497000267,0.458200025,0.435367421,0.34353331,0.45491666,0.372742394,0.389713583,0.484492306,0.370742577,0.376732627,0.488822832,0.371664899,0.349419361,0.52039269,0.460552702,0.540897133,0.626377314
0.092170565,0.405821367,0.473079451,0.507916211,0.493748003,0.511989973,0.436035587,0.446286324,0.447334815,0.437568108,0.493461066,0.38543782,0.478840852,0.452275374,0.460845123,0.478142875,0.483845371,0.473130872,0.376802818,0.372618793,0.410128115,0.399800198,0.479629611,0.425813153,0.416126998,0.503320979,0.479786608,0.452696934,0.458103041,0.439695915
0.105099182,0.072490608,0.393364111,0.470061001,0.503194491,0.559118125,0.322011194,0.438101625,0.589880867,0.393090949,0.47861004,0.384658737,0.628429854,0.404431264,0.484983693,0.421307532,0.413608468,0.532741154,0.358255163,0.313277076,0.369884043,0.534842752,0.288891651,0.423425598,0.469116999,0.209762632,0.443259376,0.540996892,0.484702491,0.392547412
0.664680007,0.692595707,0.302593399,0.446703571,0.202791994,0.67884151,0.29132758,0.292570958,0.554543649,0.5013951,0.476654362,0.433804335,0.472101724,0.405258458,0.482533686,0.47104038,0.560733562,0.459340336,0.366482197,0.351172217,0.473675142,0.441420817,0.512687509,0.442361221,0.331403434,0.50844025,0.427712973,0.427459783,0.447906034,0.461738958
0.708900905,0.649985674,0.284248878,0.492256962,0.13538482,0.72247834,0.27549199,0.243409173,0.537737533,0.537472246,0.469221741,0.430909086,0.442386319,0.375575416,0.480714331,0.466040992,0.54952379,0.475452615,0.366426595,0.353884798,0.493355217,0.444330385,0.550814782,0.458731631,0.358706886,0.494045603,0.425482721,0.42373799,0.449671017,0.461378914
0.455011874,0.451790313,0.500106219,0.448802526,0.473960195,0.442112317,0.411646528,0.459796752,0.531789505,0.406035656,0.438921199,0.421441014,0.505364488,0.451037386,0.46568327,0.454488214,0.505179893,0.414949253,0.326033348,0.370355883,0.44566528,0.425913904,0.507942092,0.479155792,0.368914467,0.478703521,0.497143812,0.42880959,0.4787059,0.497360055
0.193356702,0.540623549,0.523466925,0.484331296,0.4407751,0.479671664,0.413129507,0.438495808,0.469837671,0.423937246,0.474190958,0.378842827,0.500411796,0.422608652,0.478621027,0.493974386,0.489998721,0.507835488,0.428785972,0.326371186,0.38192114,0.436426145,0.438131536,0.426021735,0.387568292,0.481589574,0.508809595,0.437669593,0.467695127,0.478514135
0.070803578,0.411249478,0.498786332,0.496421942,0.440723802,0.435878939,0.40987866,0.434490493,0.436225527,0.48203794,0.505422581,0.376297809,0.482758968,0.386681396,0.409393429,0.454073428,0.451725667,0.460967669,0.412298559,0.359432502,0.415136268,0.417276064,0.514189018,0.467432935,0.398765238,0.511042764,0.484051909,0.439702142,0.456571622,0.423898068
0.166001437,0.458909025,0.690914246,0.391913142,0.444165046,0.517669473,0.278856921,0.408996487,0.410258082,0.469566051,0.514926762,0.477517633,0.474961263,0.533405441,0.235169383,0.517072324,0.604742343,0.657669168,0.358123491,0.226824417,0.363797876,0.366425264,0.571838468,0.578536323,0.44660498,0.288817848,0.518121518,0.642370002,0.506305317,0.392599502
0.371774516,0.425645793,0.447205736,0.505896083,0.483133376,0.460477326,0.365616548,0.473974891,0.454494464,0.408481623,0.425142821,0.369961386,0.475727828,0.482752734,0.481949074,0.444521314,0.557567442,0.459033923,0.40820758,0.36873234,0.418504648,0.451853711,0.49459042,0.408881925,0.390587665,0.447911096,0.432883523,0.472995143,0.502352825,0.484349163
0.226853746,0.714069408,0.475734673,0.467175199,0.468535819,0.505989051,0.509714125,0.42932131,0.581528623,0.390199304,0.53767211,0.296926303,0.495167419,0.480549684,0.50882529,0.466597827,0.622819813,0.411661492,0.356091643,0.3466892,0.456576946,0.601824019,0.468964489,0.424989804,0.380127315,0.389234656,0.38269076,0.353896572,0.515493032,0.471805418
0.059541411,0.446336355,0.503895977,0.538945089,0.470960346,0.46260006,0.443291913,0.442452579,0.488366164,0.45345989,0.477070427,0.374109034,0.459454532,0.435902953,0.464192368,0.4555165,0.479605108,0.453976751,0.444260478,0.382208033,0.391764447,0.410243341,0.496698156,0.441151621,0.419040657,0.485472324,0.490659942,0.468824819,0.446434245,0.464418842
0.047203942,0.457845768,0.524333045,0.525094118,0.469090444,0.463069314,0.433897965,0.44885114,0.470401821,0.464437265,0.479932714,0.379807404,0.46573076,0.446758824,0.453511203,0.461790332,0.476232902,0.472154784,0.434755636,0.380848142,0.395791627,0.406182061,0.483061817,0.450241021,0.416566577,0.496348424,0.489491499,0.4484658,0.45674789,0.471586322
0.437650869,0.497491012,0.473688304,0.452939482,0.46150244,0.473432963,0.401659323,0.429699922,0.484312115,0.409901906,0.452422909,0.389895821,0.554735459,0.440067379,0.523702689,0.445394166,0.493851177,0.469834777,0.338600016,0.334414303,0.365607679,0.403909843,0.492569326,0.425911228,0.439509687,0.458739737,0.425052349,0.437349523,0.506245386,0.53015814
0.647500364,0.640047337,0.335108306,0.399338791,0.316851426,0.552738666,0.317412642,0.341872081,0.547755743,0.463731698,0.491470894,0.399752841,0.502787975,0.425239086,0.512969386,0.398994974,0.549067368,0.371649227,0.357516626,0.386582274,0.445739628,0.428681092,0.499841709,0.425502878,0.326136668,0.525150518,0.485335295,0.423143995,0.41997273,0.466118168
0.720686269,0.596102026,0.28365534,0.510451773,0.144395119,0.725911652,0.28659287,0.245804322,0.509997091,0.537282585,0.450525796,0.428169509,0.430056747,0.360583487,0.48867785,0.446249666,0.563593485,0.476628539,0.375051422,0.393704423,0.471559399,0.462080166,0.512901181,0.455057515,0.326666369,0.497779442,0.383001825,0.387165416,0.397079992,0.416663308
0.329498909,0.487683924,0.474463246,0.424317553,0.48703314,0.400935559,0.362612178,0.434948986,0.462842624,0.455244436,0.447003192,0.413494744,0.492627239,0.45593764,0.418101756,0.439615086,0.498414711,0.396975935,0.347718371,0.386104394,0.352959101,0.463287224,0.4946476,0.427051218,0.268544718,0.48471655,0.521991507,0.415353259,0.484150725,0.570591969
0.231012175,0.389283711,0.462315789,0.467760221,0.453455035,0.535424041,0.333957712,0.387687082,0.454500163,0.460358753,0.461385624,0.302540926,0.456417037,0.53118792,0.477256284,0.496894287,0.436669612,0.459695094,0.314936187,0.381036201,0.455834073,0.423267755,0.486876432,0.398782893,0.492129198,0.489842446,0.523623432,0.657128462,0.502803475,0.627828269
0.065619917,0.463591368,0.526487042,0.52792002,0.478085735,0.472005013,0.443408395,0.463281896,0.476513228,0.462371249,0.477991543,0.377720769,0.468797233,0.450564356,0.458147353,0.459061067,0.475540413,0.47521817,0.43477416,0.385432724,0.399800577,0.409875094,0.481150972,0.45922807,0.417560846,0.492252468,0.49113873,0.435046465,0.461656594,0.482299405
0.5707065,0.455387185,0.471721871,0.421694328,0.465902497,0.450454814,0.382873363,0.417026179,0.477889208,0.372858318,0.435924436,0.373150297,0.554513854,0.420335199,0.516320175,0.44473701,0.519864337,0.457998652,0.359701628,0.34257963,0.40936373,0.46660127,0.426406848,0.409652461,0.390404673,0.443336796,0.479847009,0.410685388,0.560850309,0.484892404
0.589126153,0.483083264,0.493499947,0.477564101,0.416043458,0.463330764,0.373620698,0.396361459,0.48836477,0.407885494,0.466884157,0.381638424,0.531166614,0.434140694,0.494120234,0.466473237,0.527475685,0.414138805,0.374780279,0.370888254,0.435214171,0.435643709,0.518918102,0.439113494,0.340099187,0.46525234,0.510327637,0.41035092,0.459380331,0.460779813
0.045336573,0.477841316,0.523644117,0.510888295,0.466999263,0.462589964,0.421831643,0.454934836,0.429053983,0.461815389,0.489999227,0.377124927,0.473787391,0.440117143,0.444745687,0.470147252,0.493940232,0.473175497,0.423809206,0.363711616,0.383156944,0.406669714,0.468964717,0.449996165,0.416728439,0.510529436,0.487357901,0.433717858,0.463178366,0.469840779
0.061851792,0.487099419,0.542821055,0.516885633,0.458415203,0.444289711,0.423296045,0.450663653,0.474332053,0.464326901,0.47533616,0.392902402,0.46886405,0.450955863,0.458287445,0.453311057,0.476910948,0.481460724,0.458026345,0.370957728,0.398164427,0.398288248,0.485993723,0.449278203,0.403533387,0.491513729,0.485756763,0.444287774,0.455149443,0.486916996
0.223535728,0.504194892,0.531693492,0.476178695,0.466454892,0.418976233,0.438066817,0.463486716,0.502519245,0.433345409,0.470889006,0.389574512,0.503310342,0.443405897,0.471620425,0.464703079,0.474586214,0.438637937,0.416160767,0.376782097,0.374712512,0.418908123,0.476831992,0.426325108,0.371664748,0.50915252,0.522463445,0.436494315,0.455801288,0.494761167
0.684645194,0.409307877,0.595293357,0.725724275,0.217430608,0.622026974,0.374792826,0.270866571,0.341320772,0.569669685,0.484084309,0.388043826,0.421664607,0.429925317,0.444546263,0.397031796,0.502352012,0.467185231,0.406608704,0.381046557,0.394603553,0.515771671,0.45534991,0.503653715,0.435811753,0.477527415,0.487311306,0.399356978,0.463461919,0.487156699
0.161471736,0.469580953,0.51349674,0.499060997,0.462841288,0.449959144,0.407080292,0.465998643,0.468776016,0.446831364,0.465794195,0.384596047,0.464028151,0.455946105,0.472929831,0.452973433,0.495674245,0.472627817,0.422248765,0.393491556,0.390039896,0.409671519,0.476202588,0.444646329,0.38284566,0.494889882,0.480680068,0.443882,0.471985696,0.483967986
0.6616217,0.449048373,0.532815764,0.569514218,0.314494175,0.509168013,0.368800923,0.34490866,0.419123627,0.536107636,0.439340434,0.359604679,0.530061801,0.451135513,0.433978753,0.40970144,0.541568474,0.454316918,0.370889043,0.35783322,0.377561402,0.526478617,0.439185181,0.454304343,0.453455929,0.535605991,0.516239058,0.413449645,0.383154426,0.454631224
0.627195225,0.46387327,0.783326372,0.74787818,0.491880639,0.396379977,0.451715617,0.40459737,0.435768542,0.322317411,0.664904198,0.337987925,0.744035623,0.459458638,0.445165559,0.506227419,0.340908341,0.399354458,0.287097253,0.175625818,0.392889874,0.38530077,0.551334208,0.345203199,0.435209404,0.505635248,0.456674977,0.438567078,0.511904921,0.394726864
0.136546265,0.454736339,0.512742539,0.519613155,0.4825907,0.470670211,0.405622982,0.463345182,0.485563768,0.473828562,0.500068828,0.383782801,0.50420804,0.45977972,0.459435278,0.458878584,0.488916207,0.493128146,0.381772501,0.377772978,0.387575563,0.411082789,0.461735469,0.435663927,0.383436709,0.526722888,0.525194798,0.396642848,0.488226985,0.472710942
0.676250398,0.45455331,0.838615826,0.79340222,0.4748358,0.420955136,0.430970907,0.423425626,0.406477037,0.332409167,0.678998549,0.320385659,0.651777761,0.476341772,0.431895506,0.491890304,0.315712585,0.353956318,0.324528533,0.199754293,0.36255149,0.375201748,0.509825125,0.38116522,0.44445702,0.560664142,0.481011046,0.437160276,0.448302614,0.457669529
0.65916626,0.448374888,0.934272578,0.851809422,0.480587757,0.418758427,0.483079402,0.373433097,0.401707326,0.339457373,0.718849618,0.343023106,0.704904844,0.49937611,0.391055502,0.50469224,0.316029522,0.367190625,0.344014181,0.213976671,0.338056469,0.396110441,0.470142111,0.419438314,0.408092944,0.493890006,0.501483925,0.474571456,0.395998059,0.399770261
0.714233843,0.498724445,0.911551615,0.76450217,0.585839469,0.395880324,0.397920599,0.43748433,0.46341893,0.273957328,0.683219774,0.176805827,0.631420658,0.571174041,0.391375498,0.521267058,0.242038091,0.353093536,0.32421218,0.360347567,0.366735165,0.369408628,0.53416419,0.462996103,0.249842992,0.415102535,0.378440364,0.337480533,0.361824932,0.414734681
0.17122713,0.588546911,0.561942567,0.494417637,0.453697791,0.438984607,0.468826771,0.398676002,0.557586069,0.469683866,0.418471013,0.368885535,0.489482847,0.416247107,0.298606824,0.449785769,0.457813747,0.42964221,0.378417223,0.351045356,0.316629588,0.452015278,0.462293112,0.543430481,0.407773034,0.512040124,0.554979301,0.486259044,0.461060112,0.403550743
0.114648774,0.44581304,0.533065413,0.511110849,0.478058226,0.484262379,0.44459204,0.438058224,0.504715367,0.464517915,0.467258852,0.307672803,0.457180897,0.436307275,0.453894377,0.481081158,0.465062264,0.483745298,0.467192789,0.435468373,0.385775687,0.503392371,0.468998411,0.545331893,0.402007307,0.559222479,0.514684379,0.407491859,0.522216168,0.478823606
0.044978758,0.451418879,0.453085434,0.581321158,0.526660158,0.456261412,0.481771312,0.495662307,0.497886233,0.471962609,0.493091591,0.304281782,0.512989239,0.343163948,0.482323152,0.47204586,0.447378214,0.371726581,0.492050429,0.357117965,0.362322651,0.451409801,0.491150733,0.482794291,0.44970038,0.519061955,0.511984855,0.369775825,0.431142507,0.467196853
0.055308584,0.559878192,0.573892027,0.590779221,0.459700653,0.46769013,0.390090476,0.485323311,0.515680517,0.471415756,0.479059424,0.374725661,0.382924721,0.508603035,0.519797889,0.450939596,0.550709035,0.54497447,0.431886391,0.400584167,0.404199585,0.352922839,0.517765988,0.392940405,0.363639264,0.580996956,0.466168385,0.430297795,0.512681125,0.469144566
0.150680019,0.499965671,0.498915904,0.554190348,0.515860354,0.506443113,0.476627356,0.475737148,0.489133829,0.430741603,0.469325987,0.348130445,0.445734616,0.428294604,0.451513181,0.491294457,0.517184685,0.416148762,0.424328013,0.421109649,0.364990881,0.409696488,0.485653704,0.469841582,0.399245132,0.502009587,0.486838909,0.394097421,0.483916431,0.458938515
0.178918582,0.143516968,0.369523185,0.501231682,0.422688581,0.562859079,0.41044982,0.342356659,0.651157628,0.374871522,0.527557892,0.429542255,0.511472277,0.357014545,0.484054082,0.549079107,0.437506595,0.506427584,0.357380233,0.356792067,0.457908778,0.40062688,0.43087189,0.374255581,0.376796694,0.45211785,0.398196202,0.558703183,0.414793479,0.471807707
0.281414443,0.28658287,0.369539942,0.502353189,0.431842212,0.507265412,0.370716222,0.315771788,0.622817025,0.338084957,0.548602923,0.362329565,0.567946197,0.4153472,0.538594706,0.538013001,0.455423435,0.519445829,0.39301205,0.363033638,0.38301969,0.413935225,0.424315743,0.393317091,0.344474564,0.546473583,0.44927517,0.575907577,0.401748854,0.470550617
0.335912506,0.230274395,0.368001102,0.467636053,0.41986522,0.523891276,0.336705951,0.301079505,0.699225201,0.300426348,0.525508443,0.408367184,0.554826566,0.392138024,0.532384079,0.552324702,0.418487627,0.533461259,0.339344503,0.330546111,0.360773165,0.478732596,0.363813924,0.43401274,0.396786027,0.479795196,0.33215642,0.523136762,0.433098185,0.507426709
0.666631676,0.423832056,0.852943503,0.817772987,0.455532651,0.44406762,0.454294426,0.397110346,0.385629444,0.367401096,0.658892546,0.346347285,0.651045748,0.500354195,0.402415135,0.46948289,0.345824374,0.379427601,0.337147326,0.251035343,0.351696033,0.432029865,0.456006725,0.428672454,0.424423035,0.519769098,0.438464458,0.431265644,0.40345615,0.412367986
0.77203401,0.303707018,0.513915329,0.86082358,0.02580526,0.682803919,0.379276895,0.26564169,0.225116929,0.705763167,0.500873097,0.368660237,0.414211681,0.384309876,0.397322885,0.58102743,0.62021687,0.638967355,0.530290357,0.600221578,0.514247615,0.594947412,0.498171983,0.414014359,0.252245916,0.530257316,0.431633717,0.263330106,0.755368867,0.567523024
0.098468538,0.808000782,0.670617913,0.491082808,0.424196873,0.401384346,0.322041998,0.536782738,0.33937595,0.406943595,0.478093131,0.237737949,0.395296301,0.426397445,0.477068773,0.513286091,0.649743405,0.61927787,0.400836499,0.340752935,0.347329234,0.536019343,0.231120015,0.32144259,0.386679619,0.663018493,0.636819197,0.389992748,0.285476882,0.680255625
0.507553171,0.351379011,0.443680793,0.432807666,0.499015724,0.512043631,0.362096328,0.357289777,0.569177957,0.362144324,0.472379,0.378293293,0.584407226,0.412637934,0.475934556,0.47496859,0.469594145,0.448762652,0.379927334,0.364960048,0.378333168,0.42768311,0.399360312,0.552421104,0.34595697,0.504045284,0.576935963,0.465490473,0.606075932,0.517433521
0.262376249,0.619181984,0.443297132,0.466485214,0.395158084,0.517050285,0.41149599,0.406471667,0.58960799,0.368430497,0.540542967,0.381728869,0.485513964,0.440349595,0.487897923,0.453241453,0.539928819,0.535532628,0.419570679,0.315781118,0.403120847,0.49573705,0.462644818,0.368769073,0.36131555,0.457562974,0.456255765,0.401493455,0.44190731,0.422180599
0.110985883,0.458893581,0.506784256,0.496141363,0.467719563,0.483620742,0.429396118,0.442675746,0.42782425,0.490192241,0.54517698,0.400050929,0.538180203,0.550387407,0.535126552,0.450721322,0.497958011,0.52473258,0.370904939,0.42344125,0.463309298,0.44662066,0.522350779,0.443151934,0.339877256,0.589358156,0.428070327,0.556387232,0.466018212,0.609040846
0.057411899,0.460633821,0.431485841,0.586559737,0.514946786,0.466602558,0.395802241,0.507046324,0.465546955,0.481820178,0.466220754,0.381695848,0.531110133,0.417913025,0.45775724,0.405126395,0.468445798,0.527364351,0.41677991,0.340621477,0.344735182,0.416320138,0.345291942,0.468018406,0.433607178,0.541264187,0.479595782,0.302869177,0.440391253,0.397834172
0.082924394,0.472465344,0.449994366,0.563438102,0.479448296,0.438016386,0.451841262,0.521052195,0.44721467,0.442159018,0.49845854,0.361739133,0.469050096,0.445217,0.508833464,0.415849953,0.48869047,0.51541787,0.482873773,0.399480856,0.427097948,0.369069743,0.519467884,0.386451636,0.393477006,0.515877736,0.559341749,0.414264396,0.419121257,0.44388306
0.214045833,0.171101726,0.379438493,0.449242094,0.428489389,0.553437983,0.39735156,0.309544926,0.654080599,0.335089569,0.498167223,0.444030317,0.543398587,0.367987924,0.46738156,0.56026874,0.391810943,0.498492229,0.355011268,0.348616893,0.39215417,0.438084583,0.370368069,0.428989509,0.40148339,0.445430881,0.375209115,0.512044778,0.436478547,0.45515494
0.086863061,0.486465459,0.495733773,0.517344723,0.494088099,0.492549076,0.44168903,0.471782544,0.465992635,0.444234839,0.479515089,0.372969199,0.473793758,0.467946159,0.454443642,0.477185361,0.47906153,0.478068817,0.449067919,0.393645548,0.379522649,0.435034861,0.48315171,0.490480756,0.398699263,0.530585148,0.506438879,0.416852292,0.476794945,0.464387155
0.085272393,0.480513198,0.545841962,0.49816327,0.467002636,0.474394552,0.413503997,0.43874785,0.456029481,0.444206322,0.445796672,0.386404118,0.422724053,0.485084494,0.428766569,0.484882389,0.500126812,0.481696836,0.438049317,0.411934657,0.383904481,0.387717796,0.513815792,0.478172812,0.382944813,0.504146094,0.45516467,0.475488602,0.491505734,0.494119109
0.202548165,0.508366025,0.516916218,0.412323563,0.434803278,0.447531142,0.387134499,0.467759714,0.499433192,0.443221753,0.460646373,0.379088155,0.447478806,0.417064622,0.442270074,0.461630087,0.486248024,0.439121003,0.425940116,0.415322151,0.357125866,0.389666251,0.49676884,0.364937388,0.354145039,0.395781981,0.495638723,0.300858834,0.419205322,0.470327426
0.109357765,0.482339882,0.668800144,0.645782883,0.521473145,0.440725492,0.452447038,0.454504517,0.669103217,0.419770665,0.547450718,0.299777405,0.487693004,0.490275441,0.54508097,0.497436032,0.526232288,0.497338299,0.502273402,0.411350191,0.374547832,0.317233822,0.573438397,0.595710853,0.381788051,0.565784295,0.422160701,0.553748172,0.436096812,0.433190579
0.371621421,0.458248257,0.479484253,0.474970018,0.476544114,0.468369803,0.392939243,0.464084023,0.548305231,0.384842068,0.463093355,0.375627544,0.476543198,0.462082619,0.497663001,0.480764556,0.497151945,0.438817594,0.448036645,0.393614825,0.419764596,0.386696855,0.530555067,0.48755689,0.331869492,0.494731381,0.528842177,0.477786161,0.51970059,0.390960141
0.108637545,0.488015124,0.630910357,0.570991729,0.375698044,0.402574339,0.44505159,0.382712159,0.561030045,0.440241309,0.531049494,0.258178459,0.326106985,0.418064282,0.499197879,0.515369591,0.4928739,0.422859303,0.351764896,0.513695785,0.3433107,0.381692485,0.526163702,0.480327924,0.353428231,0.575819152,0.447967797,0.697878676,0.495230171,0.396795327
0.669678264,0.431366272,0.82881258,0.80363311,0.446215347,0.447747249,0.436216679,0.389353123,0.398205959,0.362090353,0.662351287,0.340450139,0.657073584,0.490093173,0.411702833,0.479209672,0.347963513,0.384192303,0.331321916,0.239384793,0.368652343,0.407795672,0.507485244,0.420968012,0.411001392,0.533362652,0.452410105,0.446951607,0.407373254,0.395258519
0.299067246,0.737419268,0.468177389,0.449393253,0.410231842,0.509004305,0.374760122,0.427455024,0.557709535,0.426739707,0.512193193,0.403951715,0.522390209,0.478758767,0.519241684,0.481142914,0.483522938,0.446603768,0.411992139,0.329702424,0.384323963,0.416751283,0.43645062,0.440930602,0.368505311,0.477158701,0.461090532,0.422292588,0.46483106,0.51377302
0.447238141,0.877711556,0.390448072,0.403176944,0.35031671,0.558496205,0.339186859,0.388738977,0.618193066,0.384301963,0.523202778,0.427375855,0.524954161,0.471523382,0.541355209,0.506381727,0.511571755,0.42626892,0.414174096,0.301790334,0.388831599,0.404242824,0.450416303,0.427198671,0.337194141,0.458872494,0.413242422,0.432481707,0.449792911,0.495174015
0.535556134,0.695117833,0.407413848,0.440596809,0.346532565,0.541064827,0.352318417,0.357612116,0.523997519,0.416134839,0.504248116,0.431279632,0.54692677,0.446548708,0.521408586,0.483357763,0.512585476,0.428299229,0.382430191,0.312095549,0.373484121,0.426389556,0.447112262,0.424272124,0.38982606,0.413876484,0.456575819,0.475130311,0.46410748,0.53002237
0.324414675,0.837812902,0.472151997,0.435660997,0.412672999,0.508421808,0.380249905,0.425538046,0.601416293,0.390004123,0.524879745,0.400425166,0.526819557,0.481921422,0.541350832,0.499182243,0.497927334,0.426197595,0.43376463,0.306298795,0.36101826,0.413147523,0.41681261,0.433882763,0.369326483,0.473694596,0.431099353,0.449789249,0.438836774,0.504695002
0.539316641,0.81913141,0.363459444,0.404755411,0.321019805,0.597246399,0.320880312,0.349923009,0.601979126,0.401106581,0.519995846,0.426224346,0.529486496,0.459720165,0.528642464,0.503788187,0.503993205,0.4324896,0.384253556,0.308326206,0.398448703,0.418317918,0.454448137,0.431369163,0.325885958,0.473782884,0.418000507,0.444844216,0.432582982,0.493776992
0.705085674,0.402950635,0.652444095,0.757013634,0.261166942,0.589001087,0.39944968,0.289751408,0.327051329,0.531597128,0.503345773,0.372940881,0.450579498,0.447740502,0.409820599,0.405925615,0.474723371,0.44217819,0.394363965,0.365965505,0.3827398,0.506134304,0.436198428,0.495085138,0.42574294,0.4965895,0.504079265,0.426069036,0.413982478,0.465714767
0.263455422,0.673712958,0.530142305,0.461469541,0.485659616,0.426945005,0.378415519,0.483861109,0.56226465,0.349051254,0.528360258,0.390592479,0.523730454,0.516590522,0.473959958,0.460392826,0.512395149,0.405254977,0.435579941,0.210414218,0.477914201,0.472679565,0.422535346,0.493819529,0.45910807,0.571121758,0.289858005,0.35380947,0.531207867,0.768020758
0.060164004,0.488796128,0.531653889,0.518881297,0.461924515,0.459438755,0.420724181,0.467509316,0.451851484,0.466753126,0.488485457,0.37144791,0.469830982,0.446777838,0.458867166,0.4605742,0.489718069,0.478222567,0.427336998,0.377603007,0.389087598,0.406471629,0.47060012,0.448699985,0.406529297,0.513507912,0.488202133,0.418829518,0.463363937,0.469709898
0.255871903,0.494368639,0.524286805,0.468378698,0.451422693,0.426581281,0.396970664,0.491488829,0.476719654,0.39189092,0.475025824,0.410333754,0.501113668,0.457207543,0.45561525,0.454869454,0.460916787,0.486077843,0.451134252,0.312086279,0.46475041,0.418510937,0.479880639,0.406259438,0.349152268,0.503923568,0.483647938,0.344428992,0.478015279,0.46975925
0.101114862,0.356929975,0.407773426,0.45978753,0.481115547,0.381298152,0.389495346,0.431764653,0.288880681,0.39817298,0.581853901,0.313674183,0.52519376,0.369377059,0.537342782,0.518297843,0.377178062,0.377546635,0.386278058,0.372418576,0.430638934,0.423726686,0.38998742,0.428244413,0.355997993,0.403623611,0.609466338,0.457296749,0.548730167,0.493617193
0.261503199,0.461618837,0.502466511,0.485246591,0.466290369,0.455540515,0.38659639,0.455462565,0.466587785,0.45613286,0.458076471,0.386876821,0.485676062,0.439082686,0.446403794,0.43520763,0.512103395,0.475166613,0.407337518,0.390202831,0.378457065,0.424715138,0.486562894,0.461932551,0.383681776,0.414574133,0.498923295,0.395247506,0.485793227,0.467935345
0.210384516,0.460250722,0.480942227,0.52455005,0.482036959,0.45784395,0.404736929,0.49353343,0.494783616,0.43985073,0.475540678,0.38863651,0.478228503,0.467239119,0.486027304,0.421421036,0.514911365,0.472484531,0.434919905,0.385822224,0.406363847,0.420094714,0.498870176,0.451492757,0.366528001,0.490999745,0.45537812,0.437901911,0.464061437,0.471512595
0.104619349,0.411796848,0.501491273,0.515586168,0.454723918,0.469633967,0.446949575,0.445731343,0.458705726,0.435733484,0.470871453,0.3811282,0.454186607,0.423397849,0.454077595,0.468203883,0.477276369,0.4648729,0.42986566,0.385141612,0.421218295,0.409256729,0.485520785,0.431231632,0.418632917,0.487494779,0.475775933,0.451046529,0.469748909,0.465445626
0.103970763,0.425960948,0.506542674,0.514488024,0.456240291,0.466056959,0.437068316,0.435838173,0.484126715,0.445883874,0.473663777,0.380466285,0.461471037,0.428331102,0.449682692,0.478120954,0.483983209,0.468371369,0.414245806,0.390200959,0.398609318,0.409356743,0.480616318,0.43114832,0.404147212,0.494313992,0.481882661,0.460970268,0.455431001,0.477197532
0.141261389,0.435185184,0.510890119,0.514574749,0.472837391,0.463048099,0.412139726,0.448905856,0.487718764,0.464709034,0.477913702,0.37694149,0.475672897,0.432109716,0.449786441,0.460265668,0.50797796,0.478130925,0.410823069,0.384424536,0.389990253,0.412389763,0.485080961,0.452041374,0.375864156,0.507517829,0.482256394,0.444187205,0.470996426,0.491680368
0.315125787,0.447489154,0.49279984,0.478429563,0.482818685,0.441195836,0.41720133,0.483613952,0.464397792,0.440077918,0.461924415,0.385104268,0.517000293,0.430691964,0.488900997,0.422964661,0.473811893,0.474076673,0.391693862,0.369082243,0.420388169,0.419042489,0.488279409,0.466297291,0.37552279,0.51459627,0.51497435,0.393218386,0.487249913,0.511856752
0.661012365,0.546439528,0.508237688,0.676254644,0.286520631,0.608601645,0.345591814,0.315739462,0.452249914,0.480857797,0.501559745,0.375704238,0.491339223,0.39842238,0.388416552,0.449338469,0.465869389,0.419995812,0.369386189,0.317508329,0.382990276,0.428953893,0.461246095,0.51808423,0.382013946,0.550011863,0.518081788,0.347736417,0.428639568,0.323983682
